1823.88356,VVSL,87.03203
1571.77658,TAAD,115.02694
327.19065,GYYG,314.17025
1753.86752,AIMG,160.03065
255.12190,NTGG,1452.60873
1770.93917,GFLL,244.12117
537.25470,VLNG,1383.72588
1252.59755,LDHR,113.08406
202.09536,DLTV,681.30819
99.06841,RAAE,256.15353
2253.06704,ITGK,218.10552
1038.57630,YMHA,429.18596
137.05891,GVDA,1099.43928
227.12699,EVLT,1284.70776
1142.56798,GTKE,156.10111
319.16444,RVLV,273.13247
1647.82653,NMPD,598.32272
338.19540,NHAN,113.08406
509.18702,LVTJ,199.09569
518.25226,QKSG,520.23555
1513.79288,EQAG,199.09569
1916.91243,PTYJ,71.03711
199.09569,VLLA,246.10381
1197.57379,KPVN,374.15902
265.11749,PEYE,1539.72523
498.24381,LLVP,228.11100
1755.86994,VLAR,511.33429
1364.78159,HPSK,782.46502
242.12665,PKRL,498.28018
356.20596,FPLG,769.39700
1931.95885,LSAN,321.13247
163.06333,PKLH,372.18312
2044.92205,FJTJ,261.09609
257.13755,IKNN,101.04768
545.22678,AMLL,926.51264
276.11100,DHNP,338.19540
97.05276,ELRF,873.53236
204.05686,LSVG,505.26488
129.04259,AWFD,355.25833
172.04840,NDRL,497.25978
97.05276,ELFH,981.53958
1079.45347,PDGJ,329.15868
1344.66735,NATY,565.27209
1150.63932,VAQY,1048.52630
114.04293,TTRA,1205.67296
2046.90264,IARW,156.10111
877.36783,FHWW,465.23358
1932.00780,GIGK,252.08585
292.10592,TPHV,273.09608
1538.76886,GEAN,441.25872
227.16337,NDHN,344.14845
185.08004,YIPQ,1160.57471
968.43472,QIFN,387.20188
1046.56480,QALY,940.47264
114.04292,YIQI,741.35580
299.14811,TWTL,1049.54134
561.28323,FMLY,643.35408
1527.75824,QMTA,129.04259
823.38645,ELWC,548.24508
515.21620,YSGA,213.12257
1170.61320,DPLG,229.10626
1094.53178,GHKL,404.16957
598.18797,AIMF,292.10592
1677.81509,KKQR,87.03203
824.47557,EENA,994.44298
861.48609,CKNY,755.34247
1444.69079,NRLG,128.09496
597.29109,EAVT,1807.77228
319.15320,YYFS,97.05276
952.51303,RYED,129.04259
147.03540,SKMQ,1148.50194
1238.61578,MCAR,113.08406
281.17393,EVAT,581.31730
1247.65971,EKEI,214.13174
147.06841,QRLM,794.34464
702.33706,PRQK,87.03203
1893.85804,TTHS,97.05276
71.03711,GNTN,1919.85458
1310.67328,SDRL,465.26996
344.15182,AMLR,1767.96312
643.34419,AEYS,1435.57078
1037.62062,KKVF,822.53270
285.14370,YISL,1465.85440
331.18958,VRSN,373.15322
1002.44403,QHVI,241.14264
114.04293,ATSN,1408.68074
688.30278,RTLL,147.03540
147.06841,DDVG,1567.71229
1430.52398,YVNN,1282.61282
787.34692,EPCR,1372.56861
913.46912,PVSR,407.15149
970.47934,TFYR,513.24346
1022.47158,HIGS,441.22234
241.14264,LDPK,2075.12757
287.12699,KFEJ,2317.09449
398.22776,SLIR,1346.61176
228.11100,PANE,296.18483
1211.62583,AHNG,163.06333
782.32037,WQLJ,1584.64896
1000.39603,VWMK,1029.51646
632.33944,ICAP,1575.81439
1465.72886,LQLT,1369.59858
267.15828,ECPM,988.43962
1733.99740,GPAD,115.02694
113.08406,LFAD,371.21686
115.02694,QVRW,1137.50254
1140.57749,ETNA,1161.59307
314.13789,GGTP,371.17058
160.03065,KRKT,983.52606
243.08552,MPEQ,1570.83884
1608.68383,AVRV,238.10659
1376.61494,TKQC,300.12224
594.32379,PQWY,1092.54511
214.13174,ANLN,275.09398
774.30317,CLLI,703.25704
101.04768,ENRS,1276.53152
811.36467,VNQL,1841.75690
590.25226,WLLF,2124.87773
1163.60151,VNGV,358.14885
226.16812,IATY,606.22855
113.08406,SQAV,810.32180
641.38605,EDII,810.43478
842.46501,WPAG,212.15247
641.32450,RKGG,847.37118
806.47626,NSAF,881.47190
1018.51958,VEMK,708.39185
873.41268,RKQH,1419.61224
1792.96962,RKQS,261.11133
397.24374,LKRY,635.29148
917.44943,CLNH,1061.40588
959.47460,RJFG,1237.63827
250.09536,YNAI,1415.67146
298.17533,QVVL,696.27549
273.11471,EKCK,695.48061
227.12699,EDIL,1976.14181
402.15730,DIPM,1493.81429
236.12732,DNAV,1563.88449
856.46542,NSSS,71.03711
600.34174,AELD,1696.93324
253.14263,IAIS,443.20161
328.18590,VAQP,156.10111
315.14303,EAQR,1798.98285
333.16885,MKEY,441.18596
113.08406,AHVJ,708.30536
1003.51270,NHGV,163.06333
699.36253,LLPR,1035.48477
414.19031,MPPV,884.39160
1789.75772,EILK,129.04259
142.07422,CPNI,1713.83306
184.12117,YTSK,1997.09880
555.27650,NAVR,129.04259
1578.80417,DLGL,97.05276
137.05891,LTNY,644.28529
521.26381,SDFI,394.25799
287.14812,LSLN,200.07970
348.14336,AYAQ,1188.56311
912.44535,SGGQ,760.43439
615.28640,RETL,129.04259
1632.79297,GEPI,567.30165
257.13755,QQLF,600.33051
344.09681,ERRE,837.33270
262.09535,QYVV,1072.56991
99.06841,VLCK,227.12698
1967.86647,HCYS,637.21999
597.31222,QHAG,723.40276
1627.75653,VTGC,998.43202
99.06841,KMTE,215.09060
128.09496,MEDL,557.26968
861.56874,TLLG,260.15247
1250.62299,HRYM,373.20352
2185.13938,SIAR,71.03711
204.08987,MPSS,154.07422
113.08406,STLE,470.28528
1077.46146,SQCK,259.09906
451.24307,IANG,1215.65126
808.32478,AIQK,561.20395
313.16376,DDYV,413.23866
1731.87530,APNM,544.24276
503.23798,DTWE,312.21613
214.13174,EETG,1829.88941
1479.59135,TGVN,1045.40626
812.34532,RGMQ,575.33189
261.07833,JHDD,717.35197
1456.80379,AHNY,260.15247
436.22228,SITV,642.37006
1237.64888,YSHC,323.22088
587.33188,ATRF,721.31435
283.13207,HVHA,1985.97678
1559.92864,AKMQ,717.31156
210.13682,LRTY,285.13247
699.31289,RELS,1098.49567
142.07422,DLGA,1458.67389
113.08406,FKGE,340.21104
389.16992,GCLN,795.35852
544.27915,GFVH,246.13682
137.05891,ICSR,288.10699
736.27378,PAYI,1560.66759
1712.99907,TWWJ,184.08479
457.21725,VNTL,741.36571
499.24307,YILE,1073.40589
1185.56657,LQPA,597.25470
129.04259,LVKA,1533.78269
493.32640,KIPT,438.19032
618.33770,NSLL,194.10552
803.25783,AHYA,1745.64500
1429.68711,QAEL,99.06841
1892.95667,FPNE,113.08406
787.38243,QKID,1566.77182
889.41813,PEIL,852.57965
1184.64479,ADRV,1098.53054
1015.46846,PIVR,799.40756
1232.64864,VILS,855.43377
576.25436,STSP,1240.60226
976.53416,SDRH,710.25813
1715.99738,LLVG,71.03711
559.27881,ALAE,500.23833
269.18517,PRYG,356.20596
1000.37490,ECDH,1010.47159
260.11946,TGIA,253.15387
71.03711,IEVY,639.33402
269.17393,GIIY,583.27142
795.46027,PGAA,960.45275
1033.47251,VQYT,1180.56250
113.08406,LCPC,650.27339
824.46569,RKVM,1714.83617
519.32814,SETP,764.38168
186.06405,RYAI,1023.58250
508.19917,DJFL,97.05276
635.42310,WGEA,780.51090
771.38163,HDJG,404.20597
774.40243,IEVN,576.29075
1076.42580,EVDI,763.28467
607.27141,QEHS,836.53443
255.15828,AAKA,629.28092
1770.97806,SYAI,388.21104
413.23866,QPLE,1122.55703
97.05276,LASE,641.35705
775.42283,LFSK,751.32894
101.04768,JRFN,769.34286
466.23285,KISE,1495.80748
496.21105,NFAG,755.43637
414.19031,DRKD,213.11133
364.18589,HLST,1277.73833
156.10111,JHRC,392.21719
129.04259,VVQY,1075.59267
538.34787,DKKP,544.24276
520.21692,QLSG,652.23491
468.30601,AEKY,670.33598
226.09535,HFLD,1111.54104
1137.54948,MAWQ,843.49666
1582.77144,CDAM,678.34491
228.11100,SIDL,315.14303
568.35843,TALN,1352.53903
542.27002,GEEK,156.10111
459.23291,FQSV,1726.77284
1708.94397,VTNC,325.23653
196.12117,AKEE,787.39768
602.30977,TTML,113.08406
520.23939,KRLS,1141.54438
567.32412,VVLL,605.31730
241.14263,EVVG,1965.94791
1041.52769,MGDL,1116.55973
200.11609,DSFS,1413.69352
1116.59274,NDSG,843.45241
673.34351,IPGS,299.18450
696.36671,WATA,618.28739
1479.81978,RAVG,230.09027
579.32412,RSSA,156.10111
1158.61408,GLFL,619.24243
1515.83824,VFTD,129.04259
186.07931,YISN,1141.48624
525.33870,EVEI,115.02694
570.29142,EKLR,87.03203
243.13314,NQNV,320.06131
1460.66707,NTVG,918.43344
1009.46038,QDMV,216.07462
906.39053,PNLD,170.10552
1066.50048,SSDT,243.08552
923.44608,JALG,137.05891
675.33402,TLAF,57.02146
99.06841,RVGJ,631.28132
1316.68322,GWFM,418.18860
147.03540,HPDE,610.35508
590.27002,THMH,1203.61104
579.27266,LLNT,606.22943
837.40546,GVVQ,1198.61934
1644.73884,AFRY,960.40449
835.41159,AWLE,271.12805
558.24717,VREG,659.33123
940.46275,TSKL,1126.56586
597.31221,KKLS,565.34753
1569.76835,TQSG,488.17545
526.27509,QDVL,1214.59783
213.12257,GQKG,698.38237
372.16449,LGKK,1998.83078
594.34893,WFFD,297.08956
397.24375,WQQM,796.23338
156.10111,WIFQ,556.26454
777.42455,HPYH,147.06841
71.03711,DYLS,2267.14941
700.34452,PNAV,202.09536
300.17975,YLIL,346.10996
1111.71172,TIHT,825.48208
1288.65505,DSIL,243.12190
71.03711,IPIM,946.55277
97.05276,SGHT,800.35991
981.51309,VVQV,360.14674
963.39427,LJRN,1390.78601
665.25128,IAIG,113.08406
212.15247,KWLA,284.15968
918.51476,KRIK,472.18053
602.30640,PIAK,376.17467
1089.53172,SNTW,227.16337
220.08479,ASNE,575.26249
1611.85952,DTNA,210.13682
824.43670,TTSH,186.07931
570.18564,YKIT,1487.71257
275.09397,YVIE,1619.66093
614.26013,FYKA,1604.78950
285.14370,YNGK,661.29188
710.36392,SCDL,361.16377
283.11681,MNWV,163.06333
2122.97908,PAJF,424.14166
856.47280,GSII,215.09060
71.03711,GLFD,783.35851
1516.82490,QKTL,244.12117
670.32860,SKFR,871.40892
624.31187,WSEL,497.22340
1801.93625,MLLP,638.37515
315.12190,VVMC,528.23324
356.20596,GADY,524.34345
785.42830,MDKE,1199.77539
972.43998,FDVF,858.42355
527.27036,ILIS,1198.58296
427.25833,FDVA,714.33368
170.10552,FYLF,659.38672
461.27504,IFCM,1208.55020
1070.48550,EDGI,922.34907
912.47051,LINA,688.25267
1075.57022,WHQD,770.35588
1448.71284,FSSV,128.09496
1957.05202,DLKP,71.03711
1204.52165,GERI,113.08406
128.09496,GVVF,474.29544
1865.99004,GQGD,608.20782
1017.48072,QSHK,526.28634
172.08479,IPAP,383.23933
372.18312,LVLL,483.30567
258.08518,LINN,706.32860
715.36531,TGKP,315.14303
1205.52089,EAID,353.20629
872.40685,KANS,1235.50946
301.16377,QLJS,637.29723
661.34352,NTNR,307.06606
642.29729,SRQT,525.27985
783.45038,VIVV,1716.86708
186.10044,PSPK,2053.95994
87.03203,GSSL,341.20630
930.45928,TFIS,1184.61894
968.54770,LGGP,313.16376
927.50655,GLKY,1113.48390
1850.82977,VCAF,147.03540
87.03203,NSTT,2060.97244
113.08406,FLGF,555.32680
1170.61053,ESTT,356.20596
769.43473,NANL,128.05858
1724.92092,LSTL,113.08406
404.17295,DLAQ,213.12257
965.48581,KIAD,99.06841
1017.58318,RGCS,859.55043
1436.74521,SCMJ,170.10552
1428.80887,KYNS,959.54132
822.53270,ADVG,1350.78707
793.44462,PFGL,1384.60813
2005.80068,GJVD,218.10552
423.21580,HRCY,462.22670
329.15868,DQEL,764.36394
453.20458,HYKE,1288.59689
1260.59274,EQND,708.31525
441.25872,ALQS,2018.91808
1446.81425,KSFJ,137.05891
973.49025,EDAI,875.43887
620.36458,YVEC,1576.80315
453.26996,PKAM,1168.62806
943.42217,KAFW,429.20458
597.32747,WKLS,270.14404
896.24628,NYMD,689.30542
1383.66388,QCLL,113.08406
265.11749,QDIH,2086.98606
1546.75620,YDIP,363.11002
543.34206,EIEL,771.41265
1121.66690,LPGV,560.34346
453.23357,GGRE,287.14812
547.23253,RVIJ,942.51745
1394.53433,LTKH,692.37180
368.20596,QYPD,489.22234
416.20933,LQGS,669.34458
1940.82595,YSCJ,113.08406
831.39088,KSKE,226.09535
691.36530,LQFE,749.38157
774.39118,RMLQ,266.10150
511.15593,IMEN,435.16102
1075.59605,GTTG,57.02146
935.47978,DEPW,462.21144
113.08406,KKCL,1806.94033
1221.60296,EDHR,620.31697
477.15295,DELV,1159.55093
128.05858,HLSV,412.20702
101.04768,ELQT,1720.96240
372.16449,CPCI,1544.68705
736.37956,ATMA,278.09027
1342.57643,LLAE,57.02146
723.28977,FVTM,1010.40623
228.11100,SSDQ,365.12230
1092.40297,GEQL,805.52862
441.25873,VKSL,1115.60873
228.08586,QFNQ,1308.70375
224.09094,WIVH,791.41122
284.15969,GKIV,1783.89604
313.12738,RFPE,1759.79477
862.29155,DYGW,553.27948
333.09945,PEYT,349.16377
538.38425,IEGT,113.08406
228.08586,GTEC,487.27946
1392.72487,MDKM,498.28018
526.27509,QYAF,839.52019
128.05858,PYRL,333.09945
214.13174,AEHE,688.37956
1104.60799,TJLR,539.34312
404.20596,LLFV,1586.90718
199.13207,TNLR,803.50174
1770.88101,CQLV,657.31943
200.11609,TLWF,1577.92930
170.10552,REIN,1046.46689
1278.73359,TLDF,352.14952
813.43848,NGFF,227.13822
934.43960,SEPL,313.20015
1357.62036,KASR,641.37481
241.14263,VHHM,1333.66999
796.43440,IISS,1368.59074
1339.58733,QDTR,260.11946
245.10117,TGLQ,1545.66704
1672.79191,HNAK,439.31584
57.02146,WGPG,416.20933
1844.85941,TTFI,404.17295
1008.32770,VELL,696.38534
408.18696,NYVS,293.16002
330.11755,YMET,469.23251
1192.56990,HQFP,716.37919
417.17944,IVGH,635.33188
432.24850,GSQG,256.11716
784.41326,VKVE,653.42242
1448.76973,VQLR,128.05857
650.30977,PDTV,374.12600
831.42389,FAGF,303.13651
722.32753,GIVF,113.08406
1174.55130,VICV,838.44361
436.14165,GTLK,2415.03783
57.02146,TNKG,1311.57313
340.21105,NVLK,577.28600
503.22023,RYDF,772.33264
391.11617,LMSF,1931.12508
435.12464,SKTS,356.18082
1325.58966,HDQM,163.06333
591.21113,FFYG,406.13447
386.19138,ILNQ,113.08406
682.29221,AERF,497.25979
824.47557,ECGL,210.13682
693.41734,AAAV,1098.55567
347.15149,QTVY,1230.59928
1859.88020,VSIK,71.03711
1265.53151,MPGK,704.27342
287.07534,VTKS,1053.63348
87.03203,MFHJ,357.16483
421.10899,VDIF,683.26970
506.24890,QYWG,318.13280
1031.56851,AKTR,1050.55050
214.09535,DLVF,184.12117
1906.83080,RILF,394.14232
618.38531,ACHV,128.09496
840.41298,LADR,1120.55125
2330.95658,DLVQ,284.12732
199.09568,SGDA,1482.73141
612.37074,LSNK,147.06841
729.34793,VPRR,1218.55904
416.25358,DAIJ,241.17902
99.06841,VEHN,1298.73598
1439.73095,MHDD,425.26381
678.28606,AEIT,99.06841
1061.46339,DWCA,340.22228
834.37931,NRIR,1327.68441
685.36464,EPFA,556.29690
705.30034,ARNS,716.40032
1181.54250,ANAK,370.22161
170.10553,CWWJ,714.47921
156.08987,NIME,506.23113
1850.83357,FKLF,216.07462
299.12297,QKLM,247.06268
874.42184,DMSA,617.23016
1310.69424,ISGG,537.31355
186.07931,NQQD,1095.65929
1415.80239,DYIH,114.04293
406.24408,KTVE,1631.81500
2370.08577,NRIY,371.22810
326.12666,WLYF,885.36909
319.16444,LERS,407.22809
1940.07845,IAKW,250.09536
756.32898,GVAR,1600.85005
1591.85042,PPRP,353.20630
1110.53456,LALF,580.23537
376.18590,ASRT,284.12732
442.25799,LMKK,346.13109
158.06914,KVEI,1158.60731
408.18696,SAKH,113.08406
1169.57165,DDMK,298.20048
1479.65514,ILKT,977.52942
645.27333,PDKY,318.09979
1129.61045,HYIV,362.15901
312.20222,VGTL,556.28567
994.59234,VFDL,928.46541
1989.95845,IATN,535.27543
358.18523,NHPI,318.09979
129.04259,EVIS,509.18702
427.25431,VPEP,284.19607
1096.47217,JWJW,503.18635
97.05276,TAPM,901.41883
101.04768,WJWF,257.13755
282.13280,GGQP,670.21944
944.44257,SQER,1404.86050
1034.50057,PDAE,626.40030
1664.68170,QFGY,307.06606
186.07931,PPEH,317.14092
1188.52736,LGSL,934.43371
367.18556,EEKT,702.35882
1132.69680,VVFL,114.04293
583.31182,LLPK,736.33917
315.14303,AARP,284.15968
228.11100,IIDM,316.13829
1589.76672,GDIT,726.29078
1443.74699,EKKG,765.40612
539.27036,ETVW,1670.97325
2042.01086,AYQH,399.18663
285.14370,QAVA,457.21725
625.30713,LHRL,113.08406
763.33568,AKAT,1259.64445
1777.05417,MLSL,114.04293
241.14263,RLLV,262.13174
57.02146,KVIY,714.37344
889.32761,LDSV,742.39082
87.03203,LNVT,1445.70130
147.06841,FCET,1331.79382
171.06439,ALEP,1247.60022
398.20261,NAAA,570.23976
499.28283,SFFL,113.08406
1942.96357,GDNI,115.02694
137.05891,GLVI,1437.68880
795.48542,IMYF,664.48871
504.23726,KLPW,982.42185
594.27617,VDDL,1622.74575
769.32424,SAAH,344.16958
803.36744,EHEA,227.13822
375.21580,YMCS,562.23872
315.14303,QIDK,743.30272
1138.50769,DMSL,163.06333
511.22130,TSDF,1016.45967
297.20523,EQHK,969.56072
1017.48794,WRMF,321.18008
602.24824,SLED,781.44461
115.02694,HGVA,400.17064
1295.63322,TCIP,397.17837
559.33697,ASNG,976.48404
420.15012,VIGR,293.16002
1037.56580,IHYY,1123.44668
752.27208,ARSG,384.20087
113.08406,IAVI,926.55890
356.16958,WPHK,813.30372
1328.72273,DEHT,723.45037
317.17393,EVAV,544.26791
200.07970,KIVR,1405.74258
372.18312,GPEG,668.38571
464.15770,AKPV,930.36540
1489.88411,TPEG,493.17837
1932.94820,SVED,418.22161
1033.49812,AEKJ,500.25293
593.19691,PSNF,682.39012
603.27988,SNEW,508.20255
163.06333,TPHE,1166.50664
215.09061,PRMQ,909.37158
374.20663,GTGS,1624.83613
631.32171,ALRK,357.15359
1723.84907,PLGI,465.30634
1879.00774,VAMS,265.11748
484.31216,NVFG,101.04768
420.14674,GSDA,128.09496
230.09027,KIEM,244.06953
2178.20616,EIQF,113.08406
1022.43923,NKEA,285.13246
163.06333,SIGE,491.20161
71.03711,WEKV,781.41947
458.21652,LNKP,128.05858
339.25218,FLAV,866.41336
510.18966,DVVC,1865.93587
679.40169,VTVL,904.48789
388.21104,LAAA,1105.56552
666.42891,AIDG,1156.61279
427.25431,ERVV,1476.72085
765.29044,MPQH,856.44766
712.35039,SSSL,655.29993
923.60553,LAIA,99.06841
817.36400,FVVI,97.05276
315.12527,FTVT,551.18723
489.22233,DART,57.02146
371.14409,APFK,128.05858
571.26018,IDRM,1031.53997
940.38862,VLAR,1356.64943
771.40276,EVPP,1656.77184
524.21655,MKPV,546.29142
836.49805,IAGP,99.06841
384.17573,VARM,128.05858
1421.60427,AECP,527.25911
435.15764,QHMG,536.24553
129.04259,QVIL,1265.74555
128.05858,SNYE,762.41365
935.46135,HYHV,265.15387
414.17505,IGYL,368.25358
1340.71871,SASN,71.03711
1058.66003,REIP,1294.67686
387.15764,RYRT,128.05858
1598.69877,VWQL,97.05276
1031.39533,KGMS,1326.67791
1000.55931,DANT,262.06234
787.30332,LSMM,217.05211
761.39594,WLRK,163.06333
773.47995,VLSR,1017.40547
784.41193,KEVV,752.46570
859.48034,IILE,1077.41856
323.12296,PDKI,160.03065
987.57529,STGN,1293.71934
113.08406,VEAF,1506.66668
1009.57426,GASY,621.35262
550.20571,PSDL,269.17393
1666.85661,EMVR,216.07462
602.37917,TPMC,1516.75751
538.28634,SVAP,1735.08522
341.19506,WKCV,241.14264
101.04768,CDAN,1749.85733
597.32345,SEEA,357.16484
1059.52366,GSVT,1095.49065
878.59262,RHGH,128.09496
1916.86615,GFRT,549.29108
1253.52813,RPHS,262.13174
2411.29021,PEKV,160.03065
508.30091,GVWR,1361.65030
1078.53035,JRAG,273.11471
564.36352,TLQF,156.10111
2162.08637,LLIT,228.11100
787.42282,NVYF,1280.50915
288.08923,LRDI,1512.70310
448.21105,NAHQ,1577.71119
114.04293,EDIL,1427.77723
716.21457,TRLR,326.19539
269.18517,ALGK,1694.80458
113.08406,TEIY,413.21753
186.10044,VKTL,1396.79255
1624.79709,TFVD,736.25515
87.03203,LIRN,487.24308
1159.49476,NLEV,753.41332
1091.52561,IFTE,128.05858
359.18048,ANAK,1150.64265
354.22669,DSRA,1687.92569
1424.68234,SRDL,342.22670
404.11882,ICPK,158.06914
681.43981,ESYL,158.06914
172.08479,ATVA,982.38884
147.03540,DALF,1667.61131
128.09496,PAAE,1144.61281
1262.71351,VTAS,697.36464
333.13246,EQHW,312.20222
255.16952,ATRY,648.37072
57.02146,PIVR,1377.78022
1409.72308,DJIQ,534.30266
242.12665,AKDP,345.11069
525.31624,ETRR,1097.57301
340.18590,RKEL,242.12665
1588.73505,FEWY,435.16102
790.36095,PLTL,967.45117
431.18048,IFAY,1458.82747
1189.47251,DTEA,923.32320
770.42864,KEAK,611.41187
147.06841,WHQL,257.13755
210.13682,HCVH,295.12805
1464.67208,PDMQ,953.52691
628.29691,RFQG,1071.45899
460.23217,SNKK,512.25946
257.10117,IYKL,1676.99370
1379.81763,QSLE,507.22301
1389.73644,NPNL,604.35844
156.10111,FFPK,798.32965
227.12699,QIHD,1177.54759
722.48028,NFLI,342.15393
1611.99097,TLVT,87.03203
647.30674,JDPF,904.51705
357.17222,SASE,1191.53023
2274.91459,KESG,97.05276
637.39113,LYQF,312.20222
266.10150,YAKT,170.10552
988.45826,LLIL,1358.76317
552.22538,ERYG,114.04293
470.20663,MNNE,776.37046
1388.69358,SLKK,555.22889
156.10111,DTKP,1013.56580
340.22228,RAGA,1283.68734
392.16959,PNNR,676.42450
384.12159,FCIF,822.38129
615.33802,HPFQ,1670.75915
386.18014,CPPA,1309.52849
99.06841,YTQR,316.13828
1487.71908,KAAV,328.17467
623.36425,LIVL,255.15828
299.11173,GRIL,171.06439
113.08406,SVFA,598.35508
2210.06523,QKHD,228.11100
981.52433,LSIT,957.43782
619.29004,DKFF,1130.55764
160.03065,ARMY,1300.62003
1704.89205,VVAM,231.06776
1631.95832,PGAG,71.03711
1089.48411,EQSY,850.43372
1059.31299,SMLM,1285.60912
383.21685,LDDK,1669.82845
2344.17077,ASIN,99.06841
113.08406,YHLS,595.23119
1263.59577,YAKA,426.24782
562.24994,EEYV,603.33804
1474.59828,KICR,538.27510
226.16812,WSRG,360.14674
612.26561,DICC,147.03540
1514.90852,RNAS,317.12230
765.40611,TGRA,225.11134
846.50755,AETL,147.06841
1890.76853,QIIT,484.23939
2092.01396,YKMT,445.18088
226.16812,VYFF,479.23800
871.43742,RVMA,415.21793
171.06439,RYPA,202.09536
830.34463,GGLR,350.17025
966.45592,VRGK,501.25872
99.06841,VTGR,315.14303
974.49738,TCMJ,510.29142
325.13862,QESF,1440.60581
1945.96726,YVSL,57.02146
605.29215,SQAN,620.26620
170.10553,MQJN,603.25875
1630.81709,DIKM,313.12738
188.07971,KSVP,2145.10407
411.28454,TLLY,147.06841
565.32239,VVGG,330.11754
312.19098,LARS,113.08406
2275.08841,GMIS,210.13682
604.33328,VKAI,434.19540
1251.69351,YLIV,269.10116
341.12229,DGVP,586.30748
340.13828,MHCP,97.05276
389.16205,IQER,113.08406
1588.99291,RSSP,794.42864
257.10117,AQNL,341.19506
97.05276,NCTS,1613.92529
170.10552,GLLP,213.12257
283.18958,EPRY,396.20087
490.24274,DVQT,128.05858
809.36293,AIPF,1773.82969
71.03711,FREG,1557.89907
948.34295,GGEL,930.26702
312.17975,QKFT,416.16556
490.16683,VYDC,1172.50391
355.18557,KKME,1374.66018
670.37621,IPAV,1603.77830
1315.68843,KFDD,128.09496
99.06841,STAK,442.19646
1042.58113,EELF,356.20596
1340.70883,FDNE,242.12665
99.06841,HLVL,830.43603
327.17941,KVRF,1540.83480
1740.81473,NQFY,387.15427
528.22921,IGYG,1042.55595
113.08406,ETTS,332.11544
184.08479,SVVD,598.38023
608.29181,LGIE,794.46501
1050.53857,LYES,617.30606
270.14404,RVVE,2013.98946
1056.41821,RETV,114.04293
298.20048,TVLQ,1368.67860
442.24274,LGTD,1133.64915
1436.62168,LNJI,314.15902
805.27010,NNHJ,57.02146
409.16714,TQSC,1486.71261
861.43445,KLAM,1297.62621
795.35852,FARN,412.26856
1138.63931,RSQP,940.52694
940.39601,QNEY,787.32828
282.13280,LQAD,1592.91105
327.15427,QPAW,210.13682
115.02694,GDAL,1058.52526
717.24281,QTLT,1322.68791
113.08406,AGGV,911.51885
71.03711,IAGH,568.35575
299.15934,MGSM,137.05891
757.43473,PKDM,1360.85542
918.43816,LFSS,234.11167
359.09647,DEGD,373.11212
598.33261,EKTA,1861.09376
340.17466,LGEA,939.56138
475.24308,KCJK,796.33329
1182.54917,CKND,915.40613
99.06841,SNPD,2107.94417
214.13174,CHSK,485.25979
301.09099,LTKD,497.29617
147.03540,PRVK,642.34491
87.03203,LVLP,1442.61612
1563.79464,FHTA,868.37152
1255.60442,DRAD,71.03711
746.29116,PCLI,398.23900
508.23938,EKAA,1754.00500
156.10111,KMSV,1647.79800
303.16952,WWYQ,546.26965
1286.56262,HLGD,115.02694
71.03711,NNJV,451.27946
371.15935,DGLW,1810.74769
1264.63124,PGLK,1089.48795
400.17064,GLDL,311.22088
170.10553,CAMD,1860.92911
355.22195,MGLI,1135.55565
1315.69246,VSMI,580.26051
437.26381,GYDS,1062.43617
99.06841,PPHT,535.24645
667.26019,KDGN,128.05858
671.31260,LDIL,709.36598
212.15247,KAPY,973.52326
163.06333,VNRA,710.25813
498.25504,REYG,271.11681
87.03203,YIEH,1798.77332
147.06841,NRGF,927.38687
525.33149,THEA,1162.53418
759.42005,IMLF,1170.66082
226.16812,ALER,201.07496
129.04259,HDPS,719.26970
260.11609,FTGG,186.10044
943.43206,VALG,1347.69351
299.16337,ETQW,514.29036
172.04840,IMAN,1072.54405
1909.90261,ELPG,717.39220
1719.74590,GFRK,147.03540
362.12601,YRFK,473.19441
114.04293,DPQE,644.36795
1722.85114,PVKF,834.36605
1316.65469,GSCH,407.22088
1362.78324,TNII,370.23285
1032.41822,RSLE,573.26931
969.56071,SGFG,489.22234
942.51745,ETVE,1253.60806
961.43926,TSQE,299.18450
541.23186,PVYJ,602.30640
1821.94856,PHAP,227.13822
763.39046,PAIK,690.35883
160.03065,PLRK,362.19540
99.06841,QSYS,852.48174
1499.79836,VPYF,897.49197
1272.64623,SAAY,943.56031
212.15247,KHSV,869.45414
388.19580,IGIF,101.04768
1398.71766,IMMG,553.32238
868.37489,FGHD,882.38065
241.14264,AGDA,658.34722
853.41814,AEVT,527.25911
113.08406,PMVT,991.49092
128.05858,EAQE,1363.67718
1135.47164,FFDC,542.28864
481.29002,HJVH,1251.64991
577.21324,LYCM,129.04259
1198.57644,LPCS,71.03711
682.39012,DIQS,312.21613
967.58546,PFMI,284.19607
71.03711,STAP,1585.78888
113.08406,QLLE,305.10454
1355.72375,GIVL,212.15247
1218.59144,MQSG,886.43709
241.10625,TSRS,1179.47201
243.13314,LIGR,251.12698
2169.08407,QNII,242.12665
1124.43792,QMLE,128.09496
927.50655,VPSR,463.17369
1039.58144,TQVT,692.26532
398.22776,GMPI,782.47625
345.13584,INLT,1454.78947
347.18450,DIFL,382.26923
2144.98840,TMMM,128.09496
97.05276,WPTY,2065.05786
583.31182,DEVT,1364.64729
1090.52947,LTAE,285.14370
498.17844,QPED,484.31216
1558.68431,NCLC,413.21753
271.12805,YSSI,427.17031
156.08987,PLVH,1606.84287
172.08479,GRIA,653.33843
578.28125,PSQA,234.11167
1088.59783,TKIM,937.46173
1665.86206,FLNG,255.16952
768.45676,LEQG,461.19442
383.22810,CTKG,128.05857
170.10553,RFKK,547.27543
227.12698,STEE,1291.65292
551.33188,AQRD,1133.45531
1035.55014,HEPV,782.41740
299.15935,TVID,250.14297
509.35770,HYRA,293.14878
492.26962,QDNV,1730.73586
1166.57200,EPJE,907.47044
312.20222,HHFQ,2173.89072
1475.65619,IMDT,412.24341
422.12600,FCLH,914.45110
1331.62449,QWRG,436.14165
686.28462,PFTY,912.47050
99.06841,GDAA,1148.63019
646.34787,JHPP,1120.49713
1547.64630,NHMD,930.50353
213.11134,GIDR,667.27880
450.25906,NLGR,184.12117
2055.14763,PPML,57.02146
113.08406,FVGD,803.35958
725.39326,VSEA,1200.54198
596.38973,KLDL,1598.86275
246.10381,VIST,2274.94562
1041.54946,HLLK,1040.52506
629.28090,ADCE,901.44060
326.19540,HWTC,1121.45553
1445.65687,TENP,186.10044
99.06841,SGLL,952.45150
1016.54030,EEQF,462.24783
677.39728,ETRL,1067.72189
1837.83538,FRWA,87.03203
539.33188,VDGP,1387.73941
554.28125,LVAF,227.13822
474.20492,CVSQ,265.15387
1251.60951,AYRW,615.32680
467.21284,FARS,243.08552
964.39601,WLIW,574.32674
1623.85149,FIKQ,128.05858
427.24307,QKSR,1273.65538
212.15247,FVVF,803.40650
1330.68222,TIHQ,1101.50909
344.13320,GFKV,692.30171
740.29117,YRSF,420.18312
553.31115,LLRR,200.11609
904.43980,MNKL,976.45890
1451.75546,GSDG,530.19725
228.11100,LGRE,1286.66589
494.25291,MSVA,142.07422
893.41055,MRHI,257.13755
1307.52406,SFAL,101.04768
399.17540,WSMM,378.13617
943.56888,RRRR,156.10111
670.33983,KKAE,1513.79876
916.39602,TKQN,853.52728
1138.69346,NVQK,1285.69311
844.46944,WQPA,114.04293
257.13755,FQVS,1128.60735
156.10111,LRVW,1667.86779
1365.68295,DIDG,128.09496
396.17573,RPYE,635.16795
248.11609,CCHS,544.24276
1566.66540,GAVY,685.30713
1066.61348,KRKR,227.12699
289.10962,EGFA,460.19916
147.03540,KEEA,385.19613
394.19646,KKQK,768.52214
1244.61242,NEQV,99.06841
929.49704,LAGE,1042.61749
599.27372,QHYM,242.10151
1992.02848,ACDY,323.22088
1331.57372,IPNG,696.45339
1180.77411,PYSR,641.37481
1448.60979,IGLA,101.04768
128.09496,YVII,484.27577
517.18424,DCYF,1582.77145
338.19540,DRYY,447.17540
355.18556,QIDE,802.39734
428.20596,EKDV,97.05276
210.13682,GTTF,457.19950
503.20498,IARH,1329.57581
724.27851,QSEQ,1032.50962
1492.75617,ARGG,669.38097
743.42177,GLLK,1335.62412
507.22638,GTAS,113.08406
2034.88539,SRKI,87.03203
299.16337,ISKG,747.34526
257.13755,LCPT,413.22743
656.35067,NRIP,1547.63845
703.31768,NHPQ,735.30438
1183.68256,EHDK,953.58827
438.24782,RLTI,1468.79255
