758.34936,NVTT,250.14297
923.39194,FFCD,676.33665
390.22670,EHRF,71.03711
755.43299,GGAV,129.04259
454.23284,TFNQ,1908.94823
944.42732,KGQL,609.31221
543.22888,AERQ,1434.79430
444.19686,WIRQ,1278.66802
617.32068,PEGC,230.09027
113.08406,SNRL,348.11036
832.39667,TADM,566.34278
759.39554,AERR,312.17975
1837.86687,YAKY,87.03203
1205.67680,LLDP,1138.57710
693.31559,FYKI,639.41080
260.11946,GQTI,274.11782
1207.47415,PQKQ,1170.58939
827.33443,EFHS,932.50795
497.33256,ELEE,71.03711
170.10552,ESCF,786.40645
227.13822,TSTA,2337.11779
1132.68959,IVGN,531.27266
99.06841,QAHP,1202.50915
626.30774,CLAT,727.36933
831.33336,IEAT,1756.03590
680.27655,EGVE,412.19579
839.49051,RGFS,1011.49850
204.05686,ANHT,215.09061
1337.74554,NPNI,314.17427
485.25979,TLID,340.17466
260.11946,ISNH,1038.48830
498.28019,RRKI,1227.53087
502.24611,AKEE,2064.03632
170.10552,GLGG,523.37335
754.36095,LRLY,1297.62372
1529.70850,RHDS,683.25196
881.40315,EDMQ,1192.70402
689.26969,DRWY,390.19031
649.30713,IYSL,1733.80089
465.30634,WRSC,218.07251
370.22161,VLVA,1077.58183
186.10044,GILL,625.40237
1534.80848,QKNN,834.38065
142.07422,VGCR,1460.70075
702.33706,SQFK,1549.74526
465.30634,SECR,818.46503
1884.87882,LLWN,113.08406
1380.82412,GHRS,57.02146
1433.72243,CYTR,57.02146
1228.74040,LMQQ,664.30813
1192.59487,VLAQ,226.16812
631.32894,VESS,645.37107
1396.68429,KGKL,129.04259
325.16376,GPPG,142.07422
1668.88348,YQAV,198.10044
1003.38981,YWWA,160.03065
800.33004,MAAE,200.07970
596.22644,RPHL,308.12330
250.14297,DLDA,1496.62505
113.08406,AGRY,470.26013
87.03203,LGSQ,745.32424
827.40248,HLRS,831.43780
874.44361,SQPH,1235.58899
926.54838,AAKE,901.35347
1546.56392,MSYP,1164.49098
1449.75843,LSLF,660.43226
1669.97801,JSJR,602.23700
1247.53397,ARAG,539.28158
384.21211,DAED,128.05858
345.17222,SQAV,172.04840
243.13314,CLPN,874.52762
260.15247,EMQP,840.40176
1706.84500,LFLR,572.32168
604.24928,TTAA,472.24678
1233.46080,RPPR,467.28561
1059.51377,YDLS,1501.67319
530.21251,PQMK,229.14264
1607.70068,KEAF,526.30159
158.06914,SFAV,677.35369
1442.60711,TSTK,246.10381
449.26380,AIFY,1151.52070
1524.71835,GAVH,891.36101
291.12191,YPJJ,526.31148
476.13255,CFSK,523.17368
1809.98495,STSQ,250.14297
615.27987,CDAV,644.33943
390.22670,DLCG,128.09496
1218.54917,TJPH,685.36465
516.30601,NMYL,1305.61758
1630.88310,FPGS,359.22088
773.41841,RLGL,215.12699
1140.56625,LSNS,932.54433
137.05891,YLTT,384.21211
665.31328,RAPA,1631.80895
186.07931,VDIH,1332.62444
99.06841,AECF,1840.88516
1192.54341,GYLT,71.03711
1106.49673,APRC,847.43003
339.17941,LMAE,1964.06655
113.08406,TGGR,474.24782
850.45887,IITY,147.03540
449.27504,HDTH,732.27485
342.15393,KESL,1145.65568
814.36432,HQLC,359.13286
199.09568,EPAL,1534.95317
455.23798,CQTH,512.27471
409.13075,RQAG,329.15868
346.09470,EJYP,1119.39612
186.10044,DHSQ,1015.47968
390.19032,HISH,666.35614
588.29076,GVDT,1260.55659
859.38578,AMED,1130.68517
490.18458,GTDJ,1234.46543
1255.60192,VQYF,172.08479
846.42356,JNJL,827.50174
154.07422,DKGA,953.48178
873.53237,SPVG,477.22234
1433.68401,PKPT,980.39094
572.29921,CWGK,1550.69296
699.29449,VFQJ,1234.60158
443.20161,LEGL,369.20122
115.02694,CEMV,468.24447
661.32239,MJJS,1623.87142
312.20222,LQRD,498.32781
285.14370,VVRV,607.22130
1463.67212,GTGT,582.31255
137.05891,YRTI,665.28430
71.03711,GHTA,578.31763
633.25406,KAPT,242.10150
489.25873,YNIR,115.02694
906.50353,YRQG,1348.70267
171.06439,HPER,2025.90366
1880.86278,RFVV,137.05891
2300.19467,EMNA,186.06405
371.22810,DGAF,461.26381
1734.80354,NNAY,406.24408
1674.75458,GHYH,750.27954
358.16410,KWME,200.11609
920.35992,NPSM,1147.55496
87.03203,SLHY,390.20155
1206.64038,TERV,545.21216
213.11134,NEGR,961.47314
446.25291,YVPM,1524.90008
353.20629,NGDP,57.02146
1015.49476,ERCS,748.35037
226.16812,EQTC,804.30472
200.07970,ASAP,281.17393
1248.70910,PEWD,128.09496
828.37661,EEAP,1194.70255
1148.71687,GKSF,343.17433
541.20199,PATQ,1023.47335
354.26308,QNRR,1156.47600
2462.33551,CYHH,129.04259
2241.03986,MSKA,436.22228
185.11642,FHPH,944.44257
752.36056,IJFG,855.40211
114.04293,FENV,1146.54917
284.14845,LLII,647.29486
1875.59033,NICC,575.23734
226.09535,AFLR,144.05349
400.23218,HHQK,537.25470
494.22374,CMEV,269.18517
87.03203,DEIS,1180.44548
539.31797,PRRW,468.30601
2152.95576,LWNL,57.02146
562.19920,WCRS,1180.63392
185.08004,SCCH,505.19612
57.02146,FSGG,548.25945
488.21655,KKNH,1948.00289
894.51745,CKRP,1614.76869
1242.68731,WDKI,1307.65097
1015.62185,ALVV,711.39152
210.13682,HPEP,885.40930
170.10552,EMGA,953.55456
567.28053,GDCL,634.28634
1651.66536,EGLS,489.25873
269.18517,EINQ,158.06914
1509.81258,LHIW,472.19177
113.08406,VVLA,1521.92824
880.36366,GNLF,441.25872
922.45083,GAGT,97.05276
1841.97877,VHCQ,328.17466
1068.52400,LHSY,682.32859
57.02146,AQWM,496.31216
1447.67003,YTRC,99.06841
57.02146,TIHG,2374.22806
669.37107,YTML,1547.79433
316.13829,LHNE,262.09535
129.04259,TIWN,647.27035
670.35846,PLFL,1058.55489
634.22346,TKMN,487.20267
510.36419,QRIQ,276.07799
244.06953,CPEG,412.19579
674.28061,IERE,364.19713
712.37554,NTSV,503.27438
575.32920,KIII,357.15359
273.11134,RCDC,471.24815
371.19172,PNSS,300.14336
289.10962,EASS,129.04259
226.16812,RWIQ,364.12052
1094.50727,INPG,789.40948
550.28633,PFIT,1518.72956
1176.55233,LKNI,475.27946
376.10527,LLLS,441.26996
1047.50589,PVWC,796.40202
699.36254,SETG,1041.56409
242.12665,AVWT,1250.68837
87.03203,QRVN,1523.76268
451.18154,IYIR,1782.87182
511.28668,LTLH,128.05858
2376.04243,YHMG,305.10454
1719.81715,LQVQ,570.26492
1072.61682,LAGL,542.24889
1893.74842,HIVK,538.22882
257.11642,LEDV,928.45417
154.07422,GTLF,289.12739
1957.96612,IIEV,97.05276
185.11642,NTTS,706.29558
848.50207,VANL,420.13148
602.21838,IYVG,87.03203
1521.89187,IVNS,198.13682
541.28601,MHWS,354.26308
147.06841,EIRP,1000.55930
582.27617,PEFS,257.13755
341.12229,RSPI,496.27979
1611.93614,GRLH,658.25670
872.37045,LAGL,741.34056
311.22088,LCYL,1189.56620
690.27954,HGGA,570.33770
776.46569,WFLM,323.13822
624.42103,LPPL,827.41774
1051.61381,LAFQ,1114.55147
154.07422,APGS,128.05857
1440.77247,LEYL,301.12738
557.26316,HYNT,283.11681
723.37040,QPFM,1999.85316
470.26012,AYKA,1552.88644
1083.49263,DSSC,591.32412
147.06841,CSGC,495.21178
1281.70809,SEFD,837.33269
1115.64511,CNPP,1195.43865
1170.59206,QPRP,314.13789
375.12126,MWAA,212.07970
340.21105,VVKA,448.23218
1280.54304,YDGT,511.22130
909.58720,KLQS,778.41980
371.19172,LHCL,458.22375
1151.52223,VSEK,1417.80814
1212.53859,JJGN,636.27684
315.14303,VDWC,1294.63461
789.40209,DTJS,1033.50801
97.05276,VPTL,597.25470
501.18194,SFMH,87.03203
516.26963,RSRK,644.29181
512.25945,FQVW,1086.56693
971.38812,QFWA,1569.92895
1158.50942,PYKN,695.32384
1472.74456,TLQF,873.47084
593.28831,SSYL,71.03711
163.06333,QIAC,1578.66022
610.32994,HETR,868.48788
101.04768,DEEL,819.46027
892.47666,HVQV,582.36017
1128.54110,AVNI,815.37734
261.11134,PLPT,802.40136
276.07799,GVCI,230.05388
1600.73777,LLGH,467.27437
600.32713,PVEL,723.39153
289.09100,DSEP,1923.04454
57.02146,HGQP,1076.41678
1818.90599,DKLS,156.10111
87.03203,QTTD,798.41231
445.26889,QQKR,113.08406
646.36900,MVSL,794.52655
215.09060,VLIL,427.22195
1247.69138,LIRI,660.22385
1133.58289,RAVA,354.22669
1101.56793,GGAG,451.24307
753.48609,AEPF,113.08406
757.39048,SATL,99.06841
391.17433,KPSG,288.08923
874.38545,VSGQ,1519.85828
99.06841,JQAW,369.27398
428.14780,SEDK,261.11134
403.17032,FNQV,1825.05085
695.38537,KPEH,114.04293
598.30747,VIIL,1219.50332
1534.69868,DSRH,877.51337
1014.58619,EFRY,256.15354
99.06841,LGTV,674.35402
319.12019,GGFG,1822.08622
97.05276,PFYD,428.15432
952.58177,RWII,1034.39748
754.30681,SGKV,231.08552
1655.71844,VAGK,561.24033
1547.77322,WNSQ,792.41299
652.36564,QEAV,253.15387
984.53522,EALS,228.11100
1370.61176,EAKP,241.14264
214.13174,AVAW,817.43339
275.05759,CMYS,1712.95866
342.15392,PMGR,1023.53489
612.28674,JVPR,1667.75145
1090.45421,QCSJ,746.30174
422.20261,NQMI,215.09061
1432.66162,KEES,860.39495
1935.03617,LGSV,257.13755
1118.47812,VYPD,373.20015
114.04293,GEPG,1067.55120
731.26097,KPTF,1635.88716
588.22135,IYSY,1445.55825
632.35335,ILQA,451.27946
727.29592,RKPD,113.08406
624.18836,KAAN,276.14739
328.17466,VGHG,425.12567
829.35410,LYPS,170.10552
1344.72754,PARA,915.50387
227.13822,GSGS,1177.61382
1217.54115,TPQR,330.15393
1325.65566,YTCE,256.18992
1182.59928,YAFL,983.39061
431.18384,LDLD,113.08406
1692.72044,ECSL,828.42825
708.27148,SGAV,799.44530
756.23935,RRGN,156.10111
71.03711,FMVA,612.36689
357.20122,FCIM,745.40440
618.22855,VGTR,1224.48294
347.14812,LGGG,269.18517
514.18458,VHVS,525.31623
129.04259,MTSP,987.45490
1301.72778,APQC,558.30132
234.10044,PVAT,1794.94958
1791.92089,PQRW,698.28061
960.43481,VWIG,1225.63177
184.08479,HMYE,227.12699
1046.43922,JLDI,204.05686
429.16483,INRV,115.02694
218.07251,TLIT,1405.67250
475.19144,EGEK,215.09060
1076.47745,PTEH,682.29961
912.54664,IYNN,1331.69476
652.41327,KFRS,714.27215
1245.54882,FREG,256.11716
215.09061,GKWR,314.17025
1100.49269,PSEA,809.31666
1786.01364,KTLL,628.31151
601.24962,JHQM,1008.49885
784.36902,FQFJ,364.21104
364.18590,EPEI,1169.55793
184.12117,VFML,1131.57128
392.20596,PPVA,364.21104
258.08518,CAHR,707.43299
199.13207,RRLT,339.25218
1442.78161,PSHQ,97.05276
314.15901,AAAT,1831.99846
260.15247,NILH,697.35476
194.08037,QNRM,366.23793
976.38548,LDVV,147.06841
1522.59628,FMSR,393.11721
113.08406,PRPJ,554.23363
115.02694,RRGG,2065.03475
348.15460,PNMT,755.39662
295.15320,RRKQ,655.21727
291.12190,WYLK,524.31109
632.30306,QFVS,1289.67412
996.49634,KQGD,859.39768
113.08406,LKHP,550.24995
957.39021,CGAQ,196.12117
323.22088,RPWH,448.20703
332.18483,PNQL,225.11134
937.54974,LFGI,721.36465
1021.47297,LMGE,387.20188
876.48172,RGTP,421.23250
797.38539,PQMR,71.03711
71.03711,VPPP,506.28526
1113.50907,VSKG,99.06841
572.25293,KVPI,311.22088
1430.66123,FHYY,99.06841
300.10698,SGLT,1455.75824
727.32491,SADG,863.52287
891.34326,KCLK,256.11715
227.13822,QLEE,1625.84850
241.14264,FTKP,1176.51684
1508.81732,JCNV,1046.43137
1101.48794,NLKC,1295.57169
473.22341,HNLL,1726.93391
735.40276,AQDI,458.19475
873.54361,PKGQ,773.35956
751.35745,RTGL,71.03711
1533.79394,LMEK,773.33039
697.38327,EQYL,775.28468
410.25291,DEEE,515.22273
369.22368,KVFS,261.07833
470.23765,IQSQ,751.42283
602.35401,HYWV,1007.42833
1866.92642,AFTM,156.10111
229.10626,WECH,425.27504
661.33362,VLTA,2002.97232
880.46542,EWLR,370.22161
391.10493,DIIS,113.08406
351.15426,TWWE,147.03540
113.08406,YQRK,469.26487
411.24816,HKRD,401.15466
822.35817,FDNW,560.30707
417.21245,HCQR,1058.53963
949.44398,VGFI,1556.78834
156.10111,EKIF,844.39265
846.36605,RIPQ,488.23832
771.30438,PPPK,1684.64661
170.10552,LTLI,429.20458
450.21145,LEKH,813.39557
262.13174,YPNS,294.13682
966.54714,LAAN,512.28192
1592.79065,IYSA,487.19143
129.04259,GSYD,1192.58900
1149.61823,GLFL,1185.65797
463.18557,VLEF,651.34525
128.05858,NNWQ,1139.56646
1889.87887,IKEE,241.17902
499.26420,VLFK,1363.61903
113.08406,EPQT,1770.90932
1169.65165,DSSD,973.35122
1268.60185,KLYL,461.22743
1606.89433,TSRG,99.06841
87.03203,LQID,843.36102
707.40784,IYDA,115.02694
101.04768,FRLD,313.16376
831.41265,LLLA,417.20121
115.02694,NWMV,1873.82397
783.38030,PQIS,1056.59275
87.03203,RLEQ,820.40791
627.33401,NKLQ,1342.63396
394.17533,VWCF,1497.72206
1896.85431,GVIE,538.26858
71.03711,YQLP,1699.96207
199.09569,ACGH,1618.73168
1667.83411,VCGN,407.18787
115.02694,HAVR,1222.71190
1072.50451,AATG,255.15828
1026.54981,VYIL,491.21284
488.24170,SGTT,128.09496
326.15901,PVPD,113.08406
243.08552,MJDV,906.38467
1567.79355,KFPJ,955.36403
968.42796,PIYT,186.07931
1520.67670,HIPA,884.45044
303.10665,DVAS,87.03203
1066.43894,TKST,530.24888
1451.65185,DNNY,299.14811
327.14303,HKLQ,455.27437
443.22810,MYJV,1528.68026
858.36941,YHFV,543.30166
965.42114,GCCP,1256.51654
697.21999,FAQF,845.37755
322.17533,CHMI,314.17025
716.31295,KJAC,841.35410
863.39259,IHIG,1113.62945
520.27193,VEAI,489.26996
1031.45283,GPGA,1172.50014
1686.89155,QPDR,1014.52600
2220.88877,DJQC,427.24307
1078.49710,KAHL,101.04768
340.21105,ILSG,1631.81547
2029.99045,FQLL,283.18958
1232.58256,QGML,381.20121
303.16952,LGGH,1126.60223
427.22195,LKHH,1077.56070
2182.11393,AQJR,344.15182
1460.80272,KSRL,743.36360
375.17941,LLWR,436.24341
530.27002,TGSP,1173.55267
611.30271,LEKW,370.16747
865.30986,WMRR,1048.47601
185.08004,FSHH,1007.61274
546.24718,LVSA,747.31877
196.12117,NGSY,908.41404
950.45315,EMVD,265.15387
113.08406,WVAG,551.25260
370.18522,CQKH,244.12117
700.38678,IDNW,878.38102
283.11681,PGMR,57.02146
644.28395,PLKC,1668.63958
495.26928,TYTS,1238.52375
71.03711,ILRT,1602.68067
323.22088,CVLI,1137.71613
236.12732,KTKM,354.19031
474.20492,SRVR,1734.87967
1769.80178,KMLI,908.46435
250.14297,QAMR,483.24414
511.30059,SFCY,1273.57862
957.47084,NRYN,261.07833
1350.72554,QEVE,953.52941
271.12805,QFFJ,1614.73544
147.06841,DKKI,1229.49825
832.39667,EDQG,1124.70295
114.04293,LFLT,1283.52745
1045.46645,GYDL,461.19105
609.25872,DPHK,743.39661
512.30707,GKES,1669.88212
518.21588,SAAA,260.15247
168.08987,KKLK,188.07971
298.16410,DVNQ,721.35474
1220.67128,DLIP,323.22088
1627.91847,EYTG,128.09496
469.29002,KTNR,432.24850
503.28561,LDIL,373.15974
1364.69356,CDPE,858.44602
113.08406,EPGF,1752.76334
474.28421,HPAG,701.30675
319.12019,PGFS,160.03065
2060.09875,TASL,257.14879
129.04259,QAEA,1901.87300
1930.95119,KRRQ,382.22161
1506.82345,YMWS,692.25881
717.25405,NQIA,377.08928
1332.64219,MAQA,289.07324
742.34972,QGGQ,154.07422
113.08406,YSLW,1789.05468
171.06439,QLTV,276.11100
1009.61448,AFYP,1245.50907
128.05858,PPMC,299.12297
1266.62041,ADID,234.06743
229.10626,INYP,1579.69180
312.20222,TDVM,332.11544
188.07971,ITPP,704.22242
389.19506,WQDE,864.47049
658.26706,KPWN,1340.60707
289.07324,KJPJ,217.05211
887.37867,KALE,1505.60024
244.08816,PIPK,1544.74456
227.12698,WACD,170.10552
1783.70129,YJIN,889.43339
147.06841,ARSM,739.41158
371.18048,TLAJ,199.09569
988.41849,VHDR,534.29142
381.24883,KLTR,387.17540
485.21217,DGEK,1737.66416
1671.91686,PFQC,276.11100
817.34288,HAMR,243.13314
614.30640,MVSV,380.24234
257.14879,SNVG,261.11134
241.14263,NAAA,639.25741
654.33368,LELK,285.14370
1189.53633,YRCF,649.28198
242.12665,IICL,356.18081
147.06841,DFQL,705.28643
881.37015,SSLR,584.28193
113.08406,RSLK,499.27946
1596.81609,IQML,483.25537
113.08406,VPNF,314.13788
449.10390,RGVH,1039.47632
97.05276,PHHC,310.17533
389.23145,SEHG,1018.42567
889.46575,DYQY,510.32781
1172.49945,LLLS,257.13755
1513.79288,HTPM,627.30567
978.53589,VPKA,57.02146
274.07358,EKLP,604.32206
1560.77587,EHGD,552.23662
671.32384,GIRW,789.30416
738.36604,PPAG,297.13246
445.18088,TSVY,461.22743
404.20596,NWIC,1596.64024
1046.47899,LQKK,156.10111
1631.91810,PDVC,585.30232
1050.55318,DJKV,470.22776
1461.75373,NLSR,114.04293
71.03711,GRME,692.23704
541.29002,NHHT,491.16522
622.36899,RVTA,224.09094
391.13794,GPPC,573.35262
443.27438,YPLM,443.16522
287.14812,KEGT,445.19613
97.05276,ISVF,930.36789
1590.81611,LTTT,225.11134
1520.69292,QQEI,298.16410
835.49157,CSVV,331.15320
472.23217,NEIJ,414.18629
243.13314,KYYE,510.29544
637.18361,NNCL,1610.71874
1660.85077,RCFD,277.10626
1642.71196,YTVR,381.20121
1793.02796,HCHH,443.23799
496.30092,YTLL,909.45558
2003.93794,LSKE,491.21283
101.04768,ISTL,1197.62542
456.19686,IKED,384.12159
1095.44525,MKIW,385.24375
598.32674,EWEW,128.05857
1394.70163,EFAF,1121.57301
848.39292,KTHN,1553.64563
360.12811,AGLD,472.20702
1151.60872,PRQH,711.31875
420.16449,SQSK,477.18595
366.23793,LKRE,910.34568
1670.96468,YFLF,257.10116
584.29315,LLPF,241.17902
627.23966,DNIA,938.58139
1150.54070,EMEL,1025.47528
686.35990,LPFI,608.29182
1042.64264,SQRS,535.31584
590.30640,RTRD,439.29069
142.07422,SPTG,409.25498
562.25398,DWDA,99.06841
1220.60119,CGEV,315.14303
230.09027,GKLC,668.31698
739.42282,CLRL,1582.85661
242.12665,EKYR,1779.95912
1150.60358,SFJJ,87.03203
1316.55696,THKY,234.10044
340.22228,GVHI,128.09496
2272.92590,QLQK,147.03540
262.13174,KEKS,812.46569
672.28359,SDPC,113.08406
407.18787,VNTV,1550.97727
426.18630,KIRK,483.28052
669.33334,AEKV,430.21760
1328.75644,ANAK,87.03203
621.27584,AKCL,597.32747
115.02694,NJTW,457.25364
707.37886,ELJJ,248.11609
1055.59883,LKHR,1315.65542
536.22308,SFAV,495.30567
2064.98394,RKPV,288.08923
493.19950,GQSL,87.03203
1389.64592,PRAT,158.06914
1375.74728,WPLE,751.35005
283.18958,SCDL,780.31123
598.30747,YVEE,1722.88352
513.31624,LIIT,973.58480
1690.70141,LAGF,641.37481
2119.13132,ALVT,238.10659
1608.90999,GMPM,870.41703
546.22604,APCJ,671.26971
504.22200,EDLQ,495.35329
808.24799,TCAG,952.35650
1137.47741,GIRY,871.37655
87.03203,VKKQ,1178.58591
168.08987,MAVI,808.41193
1526.82586,FJCC,842.41810
470.28528,VEAS,529.23838
655.38057,MYTV,504.28086
355.21071,ITTQ,1121.55390
1962.97606,TLIF,113.08406
690.25777,QSDH,432.20425
532.19515,KASM,627.25404
389.13690,RLAS,642.29729
555.31288,TSTR,1234.71459
921.47153,ELDL,1201.63158
142.07422,SNQT,1068.50874
718.39147,IJED,129.04259
965.44943,PGKL,87.03203
486.17104,NKDA,1094.54302
782.47626,HQDR,984.46513
253.15387,DAAD,194.10552
1205.68081,DJQE,445.23251
326.19540,TREE,228.11100
1556.84096,EKRN,427.24308
406.15222,YHWL,1041.62223
101.04768,MYPG,299.14811
1022.39096,KJRH,736.31489
882.35415,VAPS,1332.72238
1559.78312,ADSF,212.07970
774.35480,ARQA,1054.40996
680.43333,KKIY,505.16650
697.28534,HLPG,303.13651
991.41030,NKHM,514.19983
1058.59850,KEND,557.26968
1463.72963,CLKC,417.16820
439.21072,GKHN,2046.76587
861.39807,EIJG,1652.61567
771.21386,DLPQ,316.13828
57.02146,MALY,321.13247
498.20741,SANL,891.44502
1914.98528,AHHL,227.13822
410.25291,PRCS,993.50321
606.24717,SMAG,349.14264
291.13313,AVSL,1611.75286
448.23218,SKAS,527.27036
1015.40354,LWCR,57.02146
234.06743,GRGS,1578.95693
115.02694,NWGW,890.40350
215.09061,FLKT,840.40897
796.51706,NVSS,1075.50466
1445.58226,AEKF,1016.42329
227.12699,KMYP,764.35271
324.19098,ERQT,898.39286
216.07462,JRMA,472.17402
214.13174,LHLQ,589.28601
276.14739,ALNS,1113.47357
750.24903,CLRL,1417.53909
444.20425,QDIK,562.28634
781.43339,QNIV,731.32722
335.14812,TSYE,1013.48919
1540.61802,LGPP,925.47564
690.38129,AEAE,370.22161
900.51812,YQFM,412.25465
359.18787,DQVC,478.27644
856.51775,LCPS,1821.73783
137.05891,YVPY,297.20523
115.02694,TAFY,855.39490
1194.71314,LGHR,147.06841
1051.48621,QFMI,466.21759
439.24307,GGSK,878.35925
615.26864,QVYP,776.41155
2305.12530,DGVT,264.11101
101.04768,NGRL,908.47156
1352.59381,FSVY,327.21580
698.35990,FMSA,101.04768
285.13246,LGTV,114.04293
113.08406,LAAA,315.15828
1240.62403,IPPG,921.35382
255.15828,GLAI,298.16409
1371.69485,KNTC,604.30429
229.14264,NJWK,215.09061
251.10184,ICNP,1777.76512
1265.48454,LQPA,1482.71769
631.29994,EHGT,313.20015
1100.60521,EQQG,299.16337
614.27001,LDTA,468.28086
158.06914,HCPG,1466.62822
1033.55562,GRGE,331.18958
374.19540,KAGC,516.20023
776.45847,ESTM,1157.58291
1823.78585,VGRN,362.12601
489.17070,TYIC,514.23872
315.12190,RGTT,1567.75991
262.13174,KHQA,817.39701
741.38817,IQES,196.12117
536.29986,RSIN,732.39186
1187.57169,DPDM,311.18450
1703.74830,LGRE,971.49772
581.32854,IRQI,333.16885
214.09535,INLA,524.29583
535.30058,DKLV,309.20523
973.45772,AKKF,356.20596
115.02694,IVRE,2053.22990
1691.91072,NWWD,772.42316
128.09496,ACDG,928.42588
1924.81686,LEDL,537.30232
921.42793,SAWY,391.18958
597.39622,FRVN,641.34966
1969.86622,HLVV,113.08406
273.11471,WKPJ,584.33943
494.26013,EVGN,99.06841
243.12190,LRAA,214.13174
940.54674,RQAA,760.30748
128.05858,CVVY,2050.05770
269.18517,SISA,1690.94782
1014.38991,LSEN,569.30606
699.37377,PGVV,356.20596
1204.47873,MILI,285.13246
1474.78536,HVVA,834.30404
511.31182,GRRL,97.05276
342.15393,DEIV,129.04259
898.46608,EKGA,535.24645
185.11642,ESVC,384.21211
256.11716,LNKV,200.11609
1382.61025,LCVS,275.05759
158.06914,ITVS,1156.53602
730.34722,SDVV,427.24308
771.45306,WMCI,128.09496
154.07422,ITGH,1063.47567
1024.42838,HMFP,591.26929
2069.01275,YAAL,660.19959
979.50484,TTLS,764.42931
202.05897,LLIH,566.31764
1504.93807,TSAL,750.28629
269.18517,VEVD,1242.55906
785.41055,PDEM,1684.01477
397.28013,QIKA,1600.86851
228.11100,PDGR,437.27504
457.21726,ERKF,436.21825
1184.58997,HQRG,941.42428
624.34559,RTGH,115.02694
115.02694,DSPR,344.09681
431.26448,HNIA,407.18450
1490.73380,LQQQ,483.19000
163.06333,SFAL,328.12052
1810.75759,EKRP,115.02694
811.46642,EKAL,129.04259
184.08479,SGHS,1400.84044
1682.89914,KLVK,545.29617
373.15322,FHCV,241.14264
533.16141,HYYP,1873.81272
948.50286,TTTF,1380.67814
385.19613,AWNJ,703.33364
908.47558,LLVM,1084.52292
244.06953,ASGL,828.36223
1353.70007,SAES,727.36129
87.03203,SHCR,325.23653
137.05891,VLRI,452.23833
57.02146,GAAA,456.19685
113.08406,YFLF,1373.60338
399.22301,YKCN,87.03203
769.43339,GVIS,214.13174
461.20630,GDPG,281.17393
156.08987,IYVI,1016.44105
769.33297,LYFG,864.42824
618.25440,FQVI,1101.55419
256.15354,NKED,569.36492
1169.62265,MAVE,1087.60257
275.13036,MGFP,1190.70967
257.10117,EPYV,1842.02843
585.22910,WYIA,1723.75205
539.28159,SIRL,156.10111
156.10111,ARNL,796.25202
676.27850,CLSL,113.08406
1157.70328,RACS,444.19685
407.18787,LQIT,724.38678
1324.50300,AEIE,887.35084
276.14739,NETH,554.30640
258.09642,EWKT,99.06841
845.44693,PQKI,370.18522
370.22161,PGAY,411.24816
840.39861,VCSG,534.21080
1098.49906,FFFD,883.45519
1340.54955,AQQY,457.23251
479.20161,SRPL,1190.53563
895.45518,DTEE,289.07324
708.31188,LMJG,1297.41620
838.47732,HFED,1048.45017
498.30266,VHSW,446.25291
1221.58253,CFEC,642.27953
1088.47494,HAPN,735.28639
234.06743,GSEK,776.38571
934.50246,GSAD,200.07970
1271.64697,QAQE,777.44970
1826.91310,EEPR,293.16002
373.15322,QKPD,607.31903
163.06333,SHLP,1612.84023
634.31870,YVCN,129.04259
687.30165,GKHK,357.16483
1496.68955,LLRE,747.47553
946.41446,RRMQ,709.34420
473.21217,SPAA,115.02694
200.07970,PHTK,1458.72169
436.14165,WPVG,113.08406
779.43298,GFDM,1115.52875
881.51953,LRNS,957.52433
1650.91920,KWSR,294.10381
184.08479,LYMH,482.23113
386.19540,GLQV,101.04768
1118.49877,HGAD,990.40428
129.04259,PSMS,566.35402
172.08479,IELG,276.14739
834.41703,YLQR,628.35843
1533.79733,CYLY,600.36689
1137.65461,GQLL,1093.45637
475.26555,PWGH,341.16992
587.21872,LLRY,341.19506
128.05858,DLQV,517.29002
228.11100,NNIV,487.22130
236.12732,LTPE,358.18523
670.32860,STVQ,846.40831
822.36156,CKVG,648.28673
147.06841,FPYG,619.29656
129.04259,NTAV,1183.47503
365.17393,GNQA,1586.00046
382.20048,GFTM,690.45406
643.28131,SHRP,1334.62887
1440.65547,AGEP,412.24340
491.28561,QKTA,633.27269
168.08987,PDFL,487.24308
991.49746,SLHK,567.37442
1561.61122,YGGC,992.51196
588.21396,ASTS,435.16015
188.07971,LHCT,553.22063
184.08479,KWFD,362.12601
147.06841,ACWA,256.15353
114.04293,FDGW,816.50823
293.16002,NYGA,315.14303
228.11100,WIGQ,142.07422
398.21652,SDTF,1295.74575
499.24307,CGIQ,834.31592
87.03203,TCPS,1342.68408
341.21753,ISAK,768.36672
587.33526,INFA,184.12117
1069.53404,MIIL,170.10552
590.28528,EEKP,527.21621
554.33289,ISKK,586.29623
198.10044,SAYP,743.33845
128.09496,TYFS,373.11212
1622.69226,TGTD,170.10552
275.05759,SMGE,276.14739
1108.36640,PMLY,160.03065
1020.42696,IEAV,242.12665
416.18419,TAAS,310.17533
429.18595,ELMR,362.17025
841.45451,RCCR,1348.57648
423.25939,EFHT,589.19548
255.15828,GGVL,1368.60200
1157.50630,JYFF,1290.53863
1246.74375,FLGG,1097.66371
795.24937,TJVW,374.16239
71.03711,STDS,1199.65098
184.08479,QCLS,680.36795
297.16885,SPKV,2307.17033
224.09094,LPNV,733.42349
137.05891,EGYG,1994.86015
1390.77209,RGEA,283.18958
359.18450,LJGF,699.36638
234.10044,MVGL,439.21072
464.16958,DMGS,128.05858
115.02694,GPQS,938.44662
797.42831,WLFP,1061.54804
208.09602,JHHL,769.35476
362.20663,DLGT,455.23799
624.32311,GRRK,500.23431
567.33804,TEGA,540.32713
420.21212,RSAV,437.19103
409.24374,EAAG,1159.64616
214.13174,NQEG,1355.64312
1658.75448,KTFR,480.20810
943.54909,HRVS,378.23793
929.42428,ASCP,1199.47059
407.09334,CCPV,992.36264
413.20630,GNPV,1237.66796
491.26046,PTDP,170.10552
1179.68379,MEII,1266.54380
947.36609,GFTS,276.14739
755.41121,ADPV,97.05276
1249.50672,FJFC,1273.62053
667.42684,IFAT,1052.44194
1380.65344,STPA,538.31149
285.16885,NJCR,1109.46002
202.05897,TSSR,1854.90215
129.04259,LNPF,705.38095
114.04293,TLSW,2167.21265
251.10184,HPAK,248.11609
1440.83805,ITNC,434.18352
757.31434,QIAQ,1324.71862
628.36967,HTVI,1202.45971
983.53998,ECCA,144.05349
741.26057,IWIP,1028.47832
432.24850,LLQQ,170.10552
1281.72335,LMLQ,1073.59816
1331.64445,TTVI,147.06841
937.42151,VRAQ,368.20596
485.21217,EQTS,114.04293
243.08552,THLR,158.06914
371.12634,ILQM,833.35304
358.18523,VVEA,544.31216
156.10111,KYQS,1788.97337
114.04293,JCAW,758.43400
923.59162,GJPJ,718.32073
115.02694,LISS,1845.06244
604.33329,RPEV,547.30059
225.14772,CQPJ,814.38610
365.12230,RMRJ,99.06841
1143.51377,VPYR,371.15935
470.21251,APWP,891.40210
1395.73059,RRGG,210.13682
226.09535,YSLP,994.42184
680.35335,PYRR,795.48542
1202.65601,YDEM,129.04259
874.51639,SETS,553.31115
288.12561,VTYT,363.17942
417.20121,VNQN,2046.89615
226.09535,DSQR,345.11721
71.03711,CSAC,482.24889
754.32545,VFLQ,147.06841
1292.64479,DLRD,71.03711
1179.53825,ETLS,707.20683
355.18557,NCDD,1039.59605
257.13755,HNJA,851.50511
510.24783,SATD,370.22161
1345.61186,HARS,591.26929
360.14674,TMEY,565.32239
857.46068,HLEN,412.25465
184.08479,TGPP,227.12698
1387.77243,SEGH,186.06405
392.18081,RWEF,562.35910
71.03711,ILVQ,656.25293
1018.46207,IYLG,883.53785
1173.61420,VTST,129.04259
661.21660,LRPA,355.19680
128.05858,LYMI,972.49885
356.16958,FLDM,2149.98908
273.11134,YACP,730.33197
688.34318,TRVP,791.41774
226.16812,RYHL,1074.60732
297.20523,DDVT,241.17902
911.51885,LVTY,262.06234
266.10150,KVGS,1690.05048
329.15868,VYPA,969.51444
961.39635,KRCW,730.40875
1527.85231,NLLA,442.16345
710.31763,PSGV,553.29723
724.38677,EQSG,1309.46045
128.09496,LCGK,1511.70196
1242.60266,LJTI,271.15320
725.33843,YTSF,587.23734
548.23833,MLAA,1898.04156
262.09535,GWEP,229.14264
1169.52877,LYSD,719.27960
414.19368,MRPE,1644.67909
1243.60192,FQWJ,99.06841
848.42396,LTSS,562.23872
