1092.53139,KEDC,1199.46656
1175.52407,AILR,615.30165
147.03540,DSQV,1130.49923
2226.19492,TAGP,368.21720
323.22088,YHAM,477.15294
839.42496,EFCN,1219.45978
483.25153,IHHD,487.18556
257.13755,PLFD,1128.48359
388.14165,JGEQ,1825.92322
114.04293,MCDQ,650.35000
144.05349,SRSP,1354.68408
57.02146,PPPM,412.20702
129.04259,ECLE,2504.26610
811.34604,RFCL,99.03203
1191.57063,VNLK,297.18009
664.28904,VKFG,541.29003
1325.52678,NRGQ,1145.45217
583.17706,GDYS,128.05858
1531.56741,YLED,596.26282
481.25364,DLSQ,859.38242
1030.54473,IICP,934.48721
315.12527,PRWR,129.04260
168.08987,GDSA,579.30164
1434.75788,KEWL,369.21244
356.18484,SEKS,646.25333
267.15828,ESCS,1392.63907
129.04259,ETLT,1246.64181
1187.76415,PQLQ,220.08479
518.21588,LQQS,1004.44978
1078.44234,ARRA,434.12601
353.16991,AGRE,1052.49607
248.11609,WWIR,1056.53524
1722.73951,TWSA,702.33706
1413.74838,PSPQ,97.05276
891.41603,KVIT,914.42059
147.03540,RRPP,1035.48861
147.03540,PSFL,487.24645
1649.94642,RVQA,241.14264
872.40620,HSRT,824.45445
1065.64471,AMTS,988.52293
413.20227,AGLP,550.21357
211.09569,NISY,339.15427
341.12229,AGVI,535.22783
170.10553,TMPT,548.25947
531.27267,SGHL,198.11167
544.27915,TEIF,312.20222
455.26448,DKHL,1308.58085
1204.66042,SILR,978.41506
244.12117,VJDE,2034.82023
1531.70418,ELKG,616.33731
234.06743,LGIL,313.16376
331.12019,RRGW,411.27063
402.20492,AKGS,529.27478
234.06743,FVEC,1200.61475
87.03203,GNQM,921.42659
957.45244,TEGE,487.24308
786.40311,SLRP,373.15322
2034.96465,SLPS,269.14878
452.20596,ETLW,900.37259
303.13651,VRAW,662.33876
907.52394,VHIJ,1317.74047
168.08987,PALA,1090.62471
1728.74536,LGPP,143.05824
1181.52091,DGRA,613.27074
502.25398,IERP,155.09463
1115.52560,QIDT,189.07898
449.15804,LVRQ,830.46503
241.14264,GWRC,267.12189
811.26942,AGAS,1604.74393
620.28058,PESV,1276.58701
317.14092,SVQL,330.15393
311.18450,GLFG,1668.80487
928.42903,TCLG,1688.71744
298.12772,HITT,706.40136
147.03540,ELVP,388.17467
147.03540,GGLF,1539.68144
1310.69106,GCKN,444.19033
838.31671,HILE,443.20161
1761.96247,MDDK,189.04597
516.20023,AFSR,462.15731
186.06405,DGPG,265.14263
242.12665,EEMT,464.20193
473.27504,SKAG,113.04767
275.09398,RVSV,1167.68763
1564.81503,HPAS,1009.54173
545.23801,AIHG,156.10111
335.11511,WAWS,342.18042
97.05276,RAPG,2186.03268
371.19171,VDVP,267.15828
731.36360,KPRP,212.15247
147.03540,AALE,411.23424
1134.58619,IQRV,283.15320
213.12257,RITL,243.08553
1240.59168,HVLG,672.38465
1161.50186,WNCK,1302.62444
658.25671,CAEN,97.05276
400.13426,EIPM,745.32826
981.51042,WWQG,782.33475
786.37343,LSSE,1463.65709
445.18087,PLFA,899.43887
156.08987,EJSR,2118.11966
1250.54301,VQPK,1064.46372
736.30615,PCFL,484.20703
275.09398,RTIV,471.22639
962.42799,GFGL,97.05276
246.10381,PTRS,274.07357
507.18215,PGPV,210.13682
594.24719,AGIQ,719.27961
400.19579,LCDY,189.07898
464.20934,ALVH,1382.65001
147.03540,PAEN,910.43959
855.50655,CHFL,535.26421
1173.52233,LQEI,918.49230
388.17804,RPKK,896.48280
1974.98125,GMQV,285.14772
386.16238,PKLS,87.03203
709.40103,REKL,923.44225
802.43372,HQIR,917.40723
2314.22557,RPSH,155.09463
604.28905,VSES,475.24307
709.37587,STAT,509.24855
1177.66477,IEVK,760.41192
630.34108,KNGR,1344.64220
1083.63735,LKET,329.15868
491.15085,VGRP,1027.43277
255.12190,WEKM,312.17975
137.05891,ESMN,1540.90892
1499.66879,EPSQ,1034.35458
341.11577,RDGA,227.12699
1228.56587,QAKC,1025.53664
137.05891,VMNF,656.32820
220.08479,FGLI,1150.62337
313.12738,EMWE,198.11167
980.39094,RVEV,416.20934
1026.53456,DRDT,1177.42672
114.04293,ALGK,1613.80893
864.40310,MEQL,375.17942
830.32037,KTPQ,615.23878
1887.03261,LSSL,640.32926
1177.56283,TDFH,524.21318
97.05276,TRSL,823.33167
667.19417,GRSS,647.31733
230.09027,ITSF,2366.04032
464.23832,WYPA,1222.52882
875.43300,HMNC,900.41031
317.14093,LSHT,536.22710
446.18352,GGDN,842.37113
728.38571,CKYS,1336.64452
815.44021,WSSA,375.12528
439.29069,YALL,291.12191
163.06333,LAAG,510.31658
114.04293,EAPD,2211.63667
829.37523,RWLG,1041.52030
861.35855,LIGE,954.42943
129.04259,PVVT,657.29696
1479.68886,NCJY,97.05276
186.07931,QGPR,1028.53309
1423.76055,AEGS,285.13246
444.17911,TYEQ,1766.81202
439.27946,MKPK,97.05276
535.21344,LWAS,1369.68508
390.16854,PGWC,160.03065
147.03540,ARSP,512.23833
788.41021,IEVV,904.57455
392.16959,NICS,2071.00191
147.03540,JKCT,396.27364
557.25577,FPFW,802.45888
1258.49984,LVLD,993.44032
97.05276,QRLR,1942.89418
801.36973,PSFL,607.30059
71.03711,QFAA,314.12263
147.03540,SESS,269.17393
147.03540,PCVK,783.39152
1252.54341,VEKD,1249.63429
382.19646,PHHP,612.31189
1005.48544,PFJR,403.17433
541.25701,WTCG,716.27003
330.16517,RRDS,789.37294
406.15222,SPLV,444.23726
2074.97821,IYSI,326.20664
636.22474,KIDW,216.07462
99.06841,IQTE,1981.08250
333.11471,GGRG,213.07495
602.27002,TPDH,553.31116
430.22161,SDSI,1293.60296
448.19580,IPKA,244.12117
1935.94724,NKQL,129.04260
573.26594,GAYD,704.27657
1360.75429,GASS,842.47695
513.27333,SHWT,156.10111
260.11946,SKTN,658.29220
2009.07659,HLAN,309.20523
147.03540,SASQ,485.20630
57.02146,ARTA,639.28639
1400.65201,IIPD,1051.53785
260.11946,CVAA,567.34927
427.24308,LEJM,2043.06835
1011.53891,ALVL,1340.68705
793.30986,ERLG,370.16007
201.07496,WRKJ,725.35304
823.32893,AGSD,228.11100
420.18312,VARE,2405.10117
890.41676,RVCC,967.51270
618.30131,KCNS,366.19031
1301.69927,NIWP,598.27108
218.07251,ASGL,288.08922
717.31943,VLTG,1591.78756
768.39185,LLKR,300.14337
860.37517,TDEY,938.43201
1426.81185,LSED,1108.61280
317.14093,RLTD,269.10116
2073.09284,LDMI,111.03203
423.25940,PLLD,1371.76225
147.03540,DVPV,475.15256
1120.51487,KRLS,113.04767
780.41298,TCPL,872.51198
328.14951,RGWK,435.22300
215.09060,SVIN,484.27578
1073.54401,RSWG,911.38070
534.18967,MTFF,1210.64922
333.13584,CSAL,300.15460
807.41265,ETSR,780.47451
747.28976,DWIC,1805.87768
1216.62741,CWPF,905.37667
297.08956,NINI,227.09060
1073.46741,PLAF,371.14409
1631.60947,VEKY,685.30783
147.03540,ERAA,613.31837
262.06234,SLSC,412.24341
315.10664,AGLE,97.05276
170.10553,DSMN,1447.73155
718.27695,VGGD,469.21726
358.14885,ENGL,427.24307
503.20160,GRPA,1743.79801
1143.55939,KRLQ,115.02694
616.35843,TPQK,341.19506
97.05276,RVSL,468.26962
346.09470,EHWH,1289.62919
457.21726,QSRL,1254.62041
616.28904,LKSK,1179.52703
482.19475,ATER,560.25946
113.08406,LRIR,895.55765
462.21144,FRRR,359.18450
1442.70887,QPJS,886.33197
1289.65904,VAMC,706.36632
824.46434,GLQE,728.38169
57.02146,PPPP,373.11212
1037.47056,IMQK,284.13721
1132.41314,DVEV,403.11617
210.13682,LDRI,827.43234
1901.81754,IJQR,626.33877
696.39186,DRDG,1542.87426
963.43850,YLCT,669.34457
156.10111,MMQY,1737.78614
1783.98455,KESP,743.35237
1562.67097,YTSV,461.13940
1657.83985,YSKJ,99.06841
87.03203,HAPP,990.52937
823.51404,YQKS,230.09027
772.37153,SWTS,536.25945
147.03540,GSTV,1045.50214
444.27364,GKAI,561.29108
420.14674,WTRS,832.45168
492.15261,PLEL,340.21105
657.29696,LRTL,1532.80993
485.21216,LFWE,926.39564
1566.69929,LVFL,495.14577
482.30775,YQCN,913.37926
599.28495,HEGL,129.04260
115.02694,IKTH,2220.13674
732.34424,RKNE,865.52728
538.23220,LMFT,1443.62010
630.24316,DKDQ,626.33877
1687.70489,CFGF,179.06948
71.03711,JJLV,1928.97531
418.15221,RRAH,357.17606
366.22669,AGVT,412.23217
406.13447,HWLD,487.21007
912.36874,MSPQ,1016.53309
640.31151,CVWS,855.45240
395.11849,SASS,283.13207
328.17467,SCRI,1844.85447
559.23906,SSIQ,1022.45699
390.13868,HPEK,1754.78302
915.42727,KAKJ,583.30396
691.36532,SMJV,1624.74562
331.15657,HRAR,1159.49930
113.08406,ALEQ,1473.74319
735.35917,SAGR,901.43408
142.07422,GSRR,184.08479
553.23588,KTLL,966.52467
1834.99812,EGGW,651.22102
1074.59742,RPLR,113.04767
276.07799,RSDP,271.15321
129.04259,EYRS,1483.77430
260.11946,CNMM,257.08341
659.26971,NCDG,750.31843
926.44726,VEDP,1685.71055
459.24816,CSVI,1319.62537
848.36330,FVDL,285.16885
113.08406,GLPG,1031.53996
1047.48543,ANWL,930.35952
686.29835,HRGP,188.07971
527.19508,TDSR,325.23653
174.06406,RTPR,2042.95732
1514.75851,LSWE,547.21257
486.21481,CVDG,626.30237
213.12257,KGGK,511.27542
715.26357,QKPK,1814.82323
1474.81435,EEPV,895.50280
371.19172,DGTR,456.19686
114.04293,VQVD,1056.43683
1751.78400,EDPN,330.11755
434.21653,SGVF,529.27477
1195.48556,QJQV,1499.65436
1316.68770,RYFR,655.31768
1307.70984,QAEI,452.18081
755.41908,HHGP,168.08987
184.12117,ACDN,428.20596
1924.89103,VDLY,170.10553
913.48036,NIIG,99.06841
615.25001,SSSA,930.38653
872.45043,SDVP,577.25702
284.14846,IFLQ,2408.27868
332.11544,YHCI,362.07187
607.36933,PFKK,1711.70041
339.15427,YSVR,273.11134
170.10552,ETLQ,552.32713
147.03540,QRPS,271.11681
743.39260,TTEP,1479.76295
791.40383,ALTY,488.23046
866.39225,ACAL,442.20636
2067.07219,YQRE,71.03711
1234.69614,PSPR,325.14263
451.25431,DELY,577.20199
147.03540,ARAD,1245.64005
649.30714,SWWL,645.32683
1114.61346,PDPV,1024.47128
129.04259,JGPG,2551.35554
1417.74597,ANAR,174.06406
876.51091,DTGV,587.27373
875.42094,RPPQ,225.11134
554.26349,ENFA,141.07898
378.12092,ISLT,1752.89473
97.05276,LPSR,307.18958
260.11946,PVSG,548.23832
737.34563,PRTR,239.12698
244.08816,SSCR,170.10552
659.30609,TYLP,641.26567
147.03540,HRQH,958.52360
617.22677,LDWG,615.19587
434.14713,LRTI,1363.67317
1058.40284,IRKG,1110.48695
745.43741,PLDA,1082.56076
546.28018,RINS,1163.46808
459.23762,QQLI,404.21720
246.10381,RVWQ,313.20015
679.34820,NARV,1493.67551
174.06406,YSGN,1623.80520
1642.75216,LLRQ,413.20228
113.08406,SGSV,1040.55760
241.14264,SPQR,927.50387
826.38947,RVDR,198.11167
1305.64656,KRET,1060.52630
524.33222,KLWV,948.40833
170.10553,QEFL,2244.17497
809.36025,HRHE,1223.53147
333.14772,HPMN,389.15869
406.18523,AESE,674.29115
356.20596,CGRA,939.50252
224.09094,SRSS,158.06914
816.39120,PGRD,342.20155
147.03540,YAKG,628.29690
1133.46589,DAWN,473.24204
248.11609,DNKM,506.14062
1618.80246,QSQL,312.20222
458.21990,SSCR,1022.49337
200.07970,ERRR,242.12665
259.11682,SNDS,602.21925
1183.57207,RYAQ,511.26421
1371.68950,LQKL,1000.58580
147.03540,AVGS,365.12230
253.15387,AGFA,623.41187
1600.58438,MIDV,786.39456
420.24849,AFAH,482.18352
299.14811,FSIT,375.17942
1444.62926,PSIC,293.16002
390.16854,RRLG,551.22023
284.14844,AAHR,616.26389
2095.90981,VTNI,504.18899
1310.61763,TTAG,1059.58991
390.15730,NIQS,406.23284
156.10111,RDDG,702.27550
954.45929,NRGG,71.03711
1356.67207,DHRR,473.13939
555.24751,SGAL,1266.65161
1079.53998,EMLL,516.22201
251.10184,HEAA,1875.91703
147.03540,RVES,507.30567
320.06131,QSSN,1213.68189
340.13827,ISHP,246.10381
450.19753,QPKF,137.05891
682.24209,NMRV,524.27470
230.09027,YRLT,416.21720
147.03540,FSAA,625.28600
1355.60406,ATLW,600.36352
1469.76264,KVPV,137.05891
552.25436,GCPR,625.28197
532.22816,LJSM,155.09463
276.11100,GSTV,588.18497
1403.69324,ALKG,699.33739
636.24249,PGEQ,156.10111
260.11946,EQAV,592.26454
137.05891,TETE,458.21652
690.30066,PPAL,708.30134
1471.74530,KPVR,892.37827
586.32609,PAKV,137.05891
1775.86647,GNID,238.10659
884.44322,SRDL,868.42251
1882.92604,ERTA,200.11609
1748.92496,TECW,234.11167
738.35883,LMWY,1087.55966
1605.87661,QLLL,366.23793
491.28561,VISK,1178.58661
1146.50876,SVRN,696.44217
711.36253,LPFK,281.17393
147.03540,SLRK,269.10116
726.38531,RVAF,156.10111
543.21113,KREA,271.12805
317.14092,GATV,314.10487
97.05276,PEDA,511.30058
2043.89624,JCNW,326.12264
1692.69843,NMNV,156.10111
441.22233,RHGF,1517.70787
396.13934,KLKK,1757.88488
1856.94021,CISV,111.03202
113.08406,PFYF,386.19540
432.16787,NLEP,1013.54333
808.41193,KRJQ,404.20596
405.16483,SSQV,578.18287
453.23759,VCVN,1667.82287
147.03540,WWAM,316.13829
531.22236,FPRG,514.20234
748.35442,PGVQ,224.11608
998.45315,DQHY,1737.79731
432.20425,LCSW,305.10454
469.23973,IJIR,129.04260
272.11207,PVLK,1151.56110
1087.57091,NJJT,599.25511
147.03540,QRER,973.51674
958.47936,TAAM,564.26561
354.19031,WTGL,335.14812
71.03711,MNYE,2188.10516
160.03065,CQDK,2211.06362
682.36498,TVES,1004.46371
511.29791,QVQP,113.08406
595.30060,NEQA,1324.58298
462.14204,EEDP,313.20015
260.11946,CLLV,469.30126
489.22234,HQNR,1103.46337
598.32674,CLWW,528.17125
333.16886,TIYJ,586.27109
513.27985,MMDA,255.16952
174.06406,STEP,328.13828
113.08406,KLYM,1153.43211
234.06743,AAGE,1401.71531
572.27069,LLLL,339.25218
147.03540,AQAT,257.13755
500.24170,LDPR,154.07422
1781.91877,HLGS,504.21147
298.16409,FSTA,397.15974
170.10553,DPVP,478.18861
194.10552,SCVG,372.17975
891.39740,STJP,1589.89631
736.44830,PNRM,954.52869
147.03540,QSEN,285.09609
1080.55637,TYJW,1527.78812
1716.93179,RCST,299.18450
113.08406,RGII,1242.64958
1096.49375,GDAT,253.15387
1091.54720,QTSF,1451.71256
1183.54690,YELE,999.55353
284.09431,LLKK,400.15941
156.10111,KTSE,1627.91196
260.15247,YRAR,305.13755
582.34893,SEHE,824.30107
893.46538,RSTS,709.40102
275.09398,SSPL,202.09536
702.27551,KIIS,363.15426
458.15837,ARGR,99.06841
246.10381,LIGC,340.13828
307.06606,SPAV,257.14879
71.03711,TGDR,494.23498
447.19065,HIKH,727.33231
198.10044,DMNF,788.29456
772.42654,WGPG,111.03202
1303.74344,LITV,847.37206
546.19217,CEST,1632.91987
1454.72997,VSGV,922.47598
168.08987,WTTQ,215.09061
782.33812,HQPA,115.02694
331.13795,JFLM,1756.74838
446.18351,AASS,156.10111
262.06234,ASGT,2384.20654
261.07833,SLVV,1014.53206
1637.79840,ALSA,101.04768
806.40348,MPMG,561.24347
1475.71641,HHWI,957.51845
113.08406,DESS,400.19579
1616.79537,VPAL,569.28093
562.24995,AGAS,1086.59341
552.18899,HYLK,894.50755
377.12567,DRKK,1244.69893
1000.43491,SHDR,1048.47851
338.19540,IGPL,170.10552
317.14093,PRYP,144.05349
542.28526,EVPC,1969.96547
384.17975,IKJV,777.33673
163.06333,DNPF,804.36538
490.22498,CRTE,1538.76637
622.24209,FFWT,353.13353
211.09569,QGHK,401.15867
690.35883,KRYE,841.42937
99.06841,EEAI,718.31736
384.23726,EAAE,71.03711
1009.47634,EVKT,325.20015
147.03540,SPAP,2204.22587
712.33916,VSLQ,1041.48143
498.29143,PJJA,1064.51919
147.03540,SQTP,351.19065
291.12191,GLIM,373.11212
476.19408,NWLV,707.39661
592.23491,SARV,101.04768
411.24816,MCLF,260.11609
1616.80947,YEGP,257.13755
327.21580,LSLF,2167.10214
726.36603,PKPS,1457.73029
160.03065,RTGC,351.11787
769.29276,PENF,624.35951
875.49051,SDFN,867.47016
1865.98011,RAGL,198.11167
507.16351,RSLD,1507.77515
147.03540,YQCG,481.30126
503.27438,JKHN,285.13247
355.18556,ARLG,1481.72312
527.25911,QIQS,226.16812
342.19031,VRRV,855.39739
370.18522,IIIP,1738.87120
1580.86744,RLGG,1108.50791
432.17573,LLRF,945.43043
1846.88583,LHTI,625.30061
101.04768,ATSP,1277.58628
1381.69246,AVGH,239.09060
1010.43923,WPVS,1057.50149
291.15828,SAAP,992.49020
147.03540,GQSQ,512.25946
200.11609,IGVQ,1037.58692
1051.66545,KVJE,816.30722
129.04259,MGAL,493.25364
115.02694,AAVI,414.13867
97.05276,NAQI,1880.81453
225.11134,LPPF,550.32272
289.10962,PALG,1109.59414
852.45658,LQCA,57.02146
521.27102,PSAV,593.26718
386.18014,SRHV,963.40864
556.32205,AVAQ,212.15247
463.17031,WDAA,431.14748
423.25939,KDKW,99.06841
113.08406,RPKR,423.22301
581.27439,RPCS,951.56138
373.13075,QRSR,723.43647
861.40546,YNPE,685.30714
474.15980,ESRG,213.12257
340.13828,VKVG,484.22163
1054.43244,AAER,747.28977
1758.77454,VSIM,368.21720
682.35508,ARCW,913.44060
244.08816,SRRG,979.54641
477.16820,HLWM,114.04293
284.15969,HWRC,581.36492
147.03540,ETYW,527.29283
920.56948,SAPK,890.53377
632.29920,PPRP,1115.61612
218.07251,LTHQ,583.30780
1117.46911,LVLF,719.36762
129.04259,TQTE,288.08922
569.25978,VHLT,271.15320
292.10592,CAGR,2597.14424
802.39733,RMCQ,575.34312
147.03540,FSVP,1971.02992
1708.68613,KIQK,695.22209
588.26897,PLAA,780.32246
158.06914,EELL,1040.41341
1702.78854,NNNQ,760.39081
344.16958,CAGL,355.13795
1060.52025,NKNL,143.05824
1804.84475,RSLE,113.04767
764.29857,GESS,271.15321
401.20228,PRVL,1199.59078
793.39701,GGGG,370.14884
1357.71291,PAAT,909.49599
562.28634,LPVS,2162.77771
285.13246,VAVL,657.32345
303.13651,AVHA,569.32853
644.27657,SLPH,344.13320
363.11002,RLCV,99.06841
248.11609,NWGK,244.06953
228.11100,LWHA,976.51304
1021.43613,HIKK,213.12257
518.22711,LQTL,157.03751
965.52941,KSVS,370.14884
2246.05918,CYLH,260.15247
1030.51911,KSQT,341.17393
1105.59538,FFFK,398.21652
627.30886,GRRA,71.03711
959.48245,GIFK,919.43993
1569.79797,CFRP,649.37990
820.46291,LLKR,97.05276
269.18517,QHFJ,1857.99635
428.18081,LRGQ,129.04259
184.12117,NGDH,390.12091
160.03065,DYEI,1073.55794
242.12665,JACY,1127.68149
932.40283,RMTG,359.22088
1377.71866,GJQY,420.24850
1732.85075,LERH,804.33237
1358.70949,VLLA,342.16516
1292.65468,WLLS,597.31222
1737.85080,VYLE,299.14811
894.57631,KFPK,1786.02133
1062.43031,YLMR,297.16885
1300.53625,TPDE,680.43333
184.08479,GECG,1173.49470
505.19548,TDLE,143.05824
596.28529,ADPG,144.05349
666.38531,NHSK,179.06948
588.27684,AVDQ,641.26566
673.34351,SQPN,1508.80860
1335.59560,EEGV,299.15936
882.48107,ESDI,248.08308
581.32853,EETQ,1607.70873
1563.92944,SRSS,573.28055
1050.58217,FNLP,113.08406
879.45240,GSCC,1100.44105
611.33909,QQST,454.24274
530.17948,PGAR,488.18016
147.06841,ECAS,1173.49067
533.24855,QLYG,937.38175
147.03540,GRWR,726.43882
1479.68414,DRMK,803.37011
689.42243,FGRI,1509.69220
284.14846,GKRY,368.20596
870.41301,ITVT,202.04122
1050.51681,STNI,313.20015
846.35817,ACPH,250.14297
398.13724,NPSS,1729.92316
1024.41466,HCGY,1083.51312
303.13651,VSGR,373.15322
456.20809,GSAY,87.03203
147.06841,KLIT,1465.74124
890.49016,EYAN,1388.54555
572.32168,RKKA,196.08479
170.10552,CSSA,1994.90910
1265.65905,VRTF,1251.64341
374.17362,EGAR,170.10553
294.10381,SHKA,292.15353
629.25915,TLLJ,1033.57425
1297.61971,PGPP,71.03711
837.46094,PTRP,430.25799
719.33124,SVLG,649.29321
113.08406,DSMK,460.27979
1598.70348,PIFI,323.13822
463.15593,MWJG,1280.76786
672.31187,RYGE,1675.91178
204.05686,ERPG,1575.70345
645.26057,GAAG,711.34391
1241.60805,IGPD,155.09463
422.28929,TCAL,1067.51482
633.33468,GDRD,253.15387
664.32543,FEFE,874.40072
2398.12721,QGGC,304.14231
303.13651,RNGV,726.37728
2007.71073,VMGT,369.22636
815.50173,RRRG,819.28824
826.37084,TDLR,226.16812
241.14263,APFS,639.31691
648.35681,AWQN,1031.45347
241.14264,GRJV,626.29250
341.14092,PVSP,158.06914
338.19540,SKAA,186.10044
1179.63600,KAVW,681.39220
317.14092,FAVA,582.33771
929.44943,GNHS,1448.70819
932.45719,HSCM,1499.73684
147.03540,ETFK,359.14811
559.24243,ARLA,1388.71354
314.12263,YLGH,569.28092
1645.85360,RKEL,895.51003
113.08406,RELF,299.14812
388.13828,EGVQ,382.22161
276.07799,PPRS,186.10044
305.10454,GVGG,359.09647
806.35990,GLWR,1124.49606
358.14885,DENA,691.23055
1170.53142,ADKW,423.21580
420.16450,DAQG,961.44398
569.31731,LRYV,273.11471
750.34830,LGQV,669.35582
1159.58731,ANTV,415.20669
458.17613,RAES,1822.78454
977.47526,KSHP,425.22742
515.27437,GQYY,397.21138
600.26897,GGIH,581.28092
375.14303,KGAF,1476.74012
1304.81262,IHRR,942.52868
837.32619,LPTA,287.12699
927.41852,GRAA,635.29147
730.33197,NYLE,617.28092
802.33196,PTRR,155.09463
208.09602,LHHV,171.06439
571.30781,DAVN,513.21833
487.22130,KDIT,57.02146
625.30712,CNSE,803.31598
444.20425,VLIW,424.26856
275.11174,TMDH,604.36967
2223.10876,AVJL,168.08987
1097.43104,PFVS,971.55523
283.18958,RKET,543.23628
715.38394,TMER,1511.66112
503.27438,TNIR,1890.94031
158.06914,VGGA,704.25881
1633.74213,VDLI,441.20121
563.27774,DLTA,111.03203
307.16443,VLPR,354.13617
1152.49501,YFVY,339.11788
1143.61487,VARI,260.11946
129.04259,EQDH,1131.64405
825.29631,GVSP,1043.47862
435.15764,CHYH,137.05891
341.12229,PAPP,341.19506
310.13174,MYEL,544.26454
653.34314,WAGR,256.11715
961.53852,NFRM,1443.66790
147.03540,RGRE,1282.64903
1108.59168,KVIG,763.37521
356.15182,WQSH,1083.53826
697.28938,NDNF,632.33559
444.18562,GRQI,156.10111
1238.68051,RRYR,603.31289
477.15294,SVAW,141.07898
1755.88850,TSFE,316.13176
1081.50149,LVDK,143.05824
1082.53311,ARFS,97.05276
129.04259,AVAV,560.27069
210.13682,IKSG,2107.90576
147.03540,QFEV,753.40210
1004.43519,TAKH,286.09133
1610.68055,VEWC,227.09060
500.24170,NPFE,99.06841
614.28462,TMFS,442.24274
270.14403,GGTG,186.06405
386.18014,GWAP,996.56038
1007.38007,JMCS,273.11471
876.35821,GDYV,957.55349
720.23846,VGDE,1143.59711
71.03711,JALS,424.14166
246.10381,FTSQ,687.30101
354.22669,CPGE,870.37191
683.37885,TTGT,1119.54949
113.08406,IQGS,330.13617
611.27437,WGQJ,503.28561
689.30542,RVLT,313.12739
147.03540,LGKG,349.17499
285.14370,SRTP,371.16924
87.03203,VPFM,2364.09657
371.14410,VSAF,1508.55792
1915.95741,CHJT,111.03202
234.06743,KQKQ,186.06405
611.32786,HEHV,860.34868
113.08406,HLLN,1035.46211
1324.71392,GLPS,741.35581
546.19304,LGRA,626.28463
517.19950,GSHW,170.10553
1237.46447,QPAS,929.40251
214.13174,LIJM,2104.01214
2442.17967,ACEQ,228.11100
208.09602,DKMJ,737.41120
321.13247,QSRQ,141.07898
594.21079,DKCF,212.07971
97.05276,QRPQ,347.19573
204.08987,KEGY,838.37557
671.39662,SGLL,1397.70853
269.18517,EVEG,325.20015
775.39384,SEIP,699.41668
363.15426,TDIH,903.40863
888.42760,KSTJ,1125.60046
87.03203,FLFR,324.19098
291.12190,WGKY,1921.02168
979.53115,PRLS,269.18517
147.03540,QLTA,568.33329
684.32312,DIRD,538.24274
997.40356,MWCF,1639.72034
776.37046,MIYT,1345.59795
129.04259,RSSG,323.11173
576.37475,SNLS,141.07898
1772.90656,RVDY,198.11167
404.13656,AQRT,574.23470
2049.13709,EYAT,313.16377
234.06743,ESGS,1821.83690
912.49634,LFRT,1175.70396
371.18048,CPYH,373.23653
1023.50323,EDSG,995.38008
915.50655,CKVW,534.23257
620.34345,SDHL,1797.83895
691.36264,NQDN,273.09608
1590.83609,CLLS,684.29010
1679.74696,RKRK,326.17025
766.33196,LICA,155.09463
598.34385,IMQN,1225.62438
1025.51886,ADAT,87.03203
1246.61748,FYLG,71.03711
643.35408,CCFF,1380.59546
1574.72862,IARI,205.07389
113.08406,DQAP,1692.91318
1111.53721,NSVQ,1559.78848
1107.53827,RAFF,444.18563
1065.57596,LJGH,1129.47499
275.09398,TRTL,1136.59380
481.33764,SSSS,1741.87944
1586.66909,WIHQ,435.22300
1091.49643,GGKW,854.31636
397.24375,SAVG,147.03540
519.21113,CICA,198.11167
933.51123,STRN,583.26419
2420.16702,YYTI,313.20015
811.44931,PSET,212.11608
1209.69687,CGNF,609.33871
1035.40013,GQHC,1430.55546
1057.48624,DPGT,587.32921
128.05858,DNKA,2060.05782
832.38678,JEEP,99.03203
1435.81468,GRKP,961.58212
562.23558,LLAV,184.12117
97.05276,QWEJ,995.51884
408.16450,KSST,1443.65312
113.08406,HVNQ,638.37516
147.03540,KRCC,475.22783
147.03540,PEEA,668.35067
248.11609,NWLD,212.11608
503.29684,LRRC,1664.81062
938.54098,MJCM,260.11609
510.31657,VPKT,226.16812
1511.74760,ETLV,540.29074
257.10117,LAIK,1850.93871
199.09569,DLFP,790.33983
1021.49408,APTR,1314.68664
251.12698,ITLT,843.35851
1982.94548,NEIC,99.03203
303.12527,RSPE,1173.42531
510.24783,INVW,693.33737
379.16041,TYKS,1862.85962
317.14092,RSSR,1446.90932
1496.68234,TWLD,510.31657
1136.66658,SILR,87.03203
1206.62308,GSHR,765.27519
553.33362,VFLK,742.31333
317.14093,HGSD,1153.57409
459.21515,VLLQ,394.19646
870.44200,TAGG,481.26487
1402.80848,VARP,1111.55229
797.40315,VTYT,1134.61454
57.02146,RLQN,650.36391
416.20934,PYRK,1413.66320
749.35304,CMLC,989.46003
713.28027,FGHY,97.05276
454.26522,RKAT,589.23186
831.37377,NAPM,1538.65721
1077.50657,PYEJ,1420.76892
1189.63827,RERK,752.32372
1463.68735,HTIL,685.35476
1001.48650,LVAV,676.40202
1474.65579,FVVE,430.15222
1243.62440,AVLK,356.18483
244.12117,ICCW,373.20015
357.17222,PGRP,262.13174
928.44026,RIRW,604.35843
113.08406,WETF,257.13755
780.50555,RRLC,1174.47512
170.10553,PRFV,1356.76660
87.03203,EQRI,385.19614
1503.66639,TDLN,1052.56547
1499.72629,GSEP,297.20523
624.38464,EMEL,1335.69351
350.20663,ASAP,158.06914
114.04293,NWLF,1616.83106
812.42797,TRKI,1375.72481
247.06268,LKSK,524.23431
260.11946,LGKE,616.24526
717.31942,LALR,793.43337
735.37040,VARL,1313.70195
359.22088,GGIP,940.37087
935.42494,RRRR,369.22368
529.22062,EPFG,472.23555
296.14844,AFSR,1064.53629
57.02146,GQTY,2441.04051
1243.82674,LWAQ,114.04293
1697.76201,WYPP,432.20087
475.24308,CLRK,113.04767
328.17467,MSGS,248.11609
156.10111,AGQI,2006.04457
1212.58558,ARPG,1464.77452
648.35949,LDLE,625.27074
87.03203,GQVS,1318.62675
147.03540,PDWH,382.22161
737.28767,VJIJ,714.30067
443.22024,DREG,734.44389
404.17295,VVVI,1436.68956
611.36425,SVDV,1031.56984
962.39900,QRTR,542.22711
332.11543,REAA,227.13822
920.46503,SEEA,184.12117
218.07251,TAAA,213.12257
738.40243,QWWG,624.38465
543.30299,TGEK,990.34765
315.17942,GKEL,1003.54506
276.07799,AAAQ,227.12698
57.02146,WQTI,1342.63780
1619.87113,RRTL,113.08406
416.20934,PSEG,597.31221
1282.67034,DYPV,270.12156
129.04259,EDAA,1018.39605
551.20497,FETC,283.15320
57.02146,AIVC,724.32140
1054.49059,KAPS,288.11438
778.29897,HHER,453.26996
959.38071,VGAA,1074.43752
1985.95297,ATSY,224.11608
453.23759,MCRT,1084.46478
633.25808,RVKI,1149.47677
156.08987,KLND,1690.68635
586.32610,PEHI,160.03065
580.24277,CPKP,257.10118
97.05276,LEEE,1795.82242
283.18958,IEAM,204.08987
659.30609,FSCS,1136.52507
260.11946,NKYG,257.13756
1655.81682,PTDS,560.22645
546.24718,PSAR,656.27656
438.19368,SMMD,544.26792
1892.22262,ALVK,99.06841
1881.02472,EYGD,257.11642
71.03711,RTNS,1758.82329
987.44909,DGAG,1136.39500
817.33884,VIRN,302.16303
1342.65506,LCYD,113.04767
519.28053,PSKT,968.42867
713.32788,TECH,314.10487
1380.62962,FEAD,583.24895
147.03540,GAEL,347.18450
941.44291,HRPL,276.07800
147.03540,VEIL,394.14885
458.19476,TQVH,194.08037
968.36918,IVQE,429.16483
360.15797,NPSL,154.07422
942.48578,KDIT,57.02146
156.10111,FCYH,697.37588
1364.59315,KVDQ,389.16205
1533.76948,RQGP,968.53764
1792.73061,IMLR,325.20014
950.44325,AAHL,1532.75445
443.21686,GGVA,1486.92349
204.05686,GRAG,818.37701
1133.48903,QRRF,101.04768
261.07832,LFSH,156.05348
901.43408,LVDW,604.28567
147.03540,LELL,418.18860
521.19442,VGSK,230.09028
204.05686,GSQS,827.44021
243.13314,PGTG,323.18450
2053.00930,KTCQ,71.03711
986.43789,AAAS,71.03711
1500.71817,EENF,524.23832
960.50287,SFII,1296.63501
1041.48749,TANT,783.35514
1453.74998,AGKP,553.27477
771.31875,WKPE,597.35983
340.18590,AVEL,560.31830
489.20056,AREP,935.53008
808.45551,RECL,99.06841
129.04259,VENL,1200.51748
2274.13880,SQFL,199.09569
248.11609,VGSE,800.37767
632.28395,PCRL,214.09535
500.18668,EMPK,1505.73365
442.21760,SRQI,111.03203
147.03540,KGAG,486.23728
359.14811,DTWH,1729.80733
1449.66572,SSSM,457.22850
307.06606,QPGA,1036.53148
