790.36095,GSRA,260.15247
1242.54176,SITE,299.16337
1920.98459,NMHH,341.21753
313.20015,AGMK,310.13174
201.07496,PEWF,305.13755
101.04768,PLGK,2545.21558
1160.49543,KLDI,255.16952
876.41974,SGFT,942.36943
2092.12042,YLPH,215.09060
325.16376,GTQP,966.50354
397.26889,WHLG,518.27136
1295.68333,ALGG,783.47553
294.10382,AFCY,1280.65871
344.13320,TWER,271.11682
1072.51577,LLKG,1245.62881
538.37034,VQGK,1691.81885
501.29511,RFPA,248.11609
131.04049,IRKE,1724.84969
556.18863,CVLK,1069.58077
321.14370,VAIH,1213.59538
795.44252,RQRC,895.48755
229.14264,SFIQ,1028.51784
745.34939,GNIK,1295.72375
605.30607,EVGM,510.17844
1330.71323,QKDE,228.08585
101.04768,KQHI,1432.64855
97.05276,SWGP,1557.85280
1238.63673,AIGW,300.12224
371.14410,LRGL,641.29553
388.24743,AVFY,1012.55529
1466.86812,ERAT,999.53489
1780.82427,PVLK,101.04768
477.21244,GLAA,484.31216
1124.63018,GKFE,599.31012
432.21211,ASWR,411.17942
1470.53576,RSRI,1021.37458
473.21217,TRFR,374.19539
1298.71217,FEDV,982.48721
589.26085,KIFT,267.15828
1376.73468,SNAL,114.04293
1301.69543,APAW,958.40657
291.15829,IYGA,411.24816
57.02146,VVRM,1089.56409
1177.57273,GAWR,509.32132
846.47519,IRDA,1515.84561
777.51124,QVET,339.19065
346.09470,DYKL,160.03065
241.14263,LVEF,925.42938
1132.62405,SSIV,475.21792
1783.70022,TQRS,688.35127
87.03203,YGIV,1308.59862
99.06841,FKPQ,782.44389
430.18860,AGEE,606.15264
1364.66930,MMMJ,375.16166
1592.91104,CHHL,227.12699
1437.70006,KWHP,129.04259
603.27649,DYLR,1013.49775
1495.58667,DJHN,639.27651
170.10552,NAVF,413.15869
286.16410,SIDR,669.40611
289.12739,QCKV,1051.41368
1179.58588,MHDP,1342.49920
454.23284,DGIG,647.24072
299.16337,LVNI,333.14772
356.21720,SKKK,683.40785
214.09535,VVKT,303.16952
369.21245,SLWR,97.05276
425.28628,EICV,57.02146
1930.80253,ADTJ,358.16748
436.30494,PDSL,394.22161
677.26904,CPFT,1362.60941
287.11173,GSAQ,1468.72048
943.49745,VKKL,128.05858
381.20121,PSHK,1455.62260
101.04768,FFWA,1392.70800
97.05276,LIAI,1333.74661
1798.88897,EDIK,412.15940
216.07462,GYIP,1143.55940
186.07931,HFKW,565.26825
921.50722,EEED,406.18523
584.31697,MAIF,1234.60542
257.10117,QVEK,945.42257
71.03711,PEEP,1169.51754
97.05276,PMGL,1230.47978
482.18014,LLSK,113.08406
1633.79964,PKSA,225.11134
257.10116,AVDE,372.21951
342.16516,DNPE,413.24990
227.12699,VIYL,634.25985
273.11471,GECH,344.13320
344.16958,GTAA,1468.58484
1117.54037,QKCL,824.42529
1244.50442,VEEE,903.29813
2006.95851,KFAL,114.04293
1503.85348,EVNE,114.04293
544.24929,DEES,1625.86643
276.11100,DICF,241.14264
790.30931,RRAA,317.12230
850.42970,YATM,1210.59170
1141.55159,KGDV,919.46640
501.29511,LKYI,745.42349
1147.56618,RSSD,463.25431
991.49745,NGAY,401.19105
115.02694,IGAG,1557.62932
1311.78741,TVWV,202.07760
450.21145,KEEK,113.08406
1144.55529,TIMN,611.37548
545.22679,VLYG,696.43564
557.24454,EQQM,1063.51205
716.30892,SSGS,57.02146
529.25363,SFRN,87.03203
319.16444,LHEN,647.42310
671.23735,IFRW,1241.68670
128.05858,GJSG,675.38163
364.18589,NDYA,1504.63800
147.06841,IESV,322.16410
941.53680,TSGL,1009.45050
435.22301,DASM,688.26389
510.24783,YPHQ,101.04768
113.08406,QALL,1826.96723
1399.69518,YPDD,718.32860
354.26308,KSSK,128.09496
186.07931,AKRI,1090.46813
875.35958,LCIC,99.06841
1419.72588,FDGG,531.24414
456.23324,YDCV,956.38105
920.29953,DGWD,333.16885
657.31559,SVGF,975.38551
1018.51958,WFPE,255.16952
1160.55358,YLKK,869.47592
847.46660,LWAW,994.58851
315.14303,GGPW,468.28085
57.02146,LSEQ,773.38540
411.21177,FWFQ,1482.81543
101.04768,SLDV,539.19758
1168.69279,AVDA,115.02694
555.21764,PGSQ,445.18087
71.03711,KWLI,2037.99954
1968.96283,IQKV,413.18452
1707.88786,LPRP,507.28052
1723.96928,EGVG,489.17070
202.05897,QCYM,2202.99808
1355.60406,SLLV,317.17393
389.16992,RRAK,697.43875
1489.86566,JGEM,659.32786
1516.74495,NAKI,483.31691
1089.49382,QKSK,1032.49885
522.28421,LDLM,1864.87775
604.21627,WFHF,601.28937
529.24962,RVIS,129.04259
358.18523,LIRQ,1671.84008
97.05276,TVGF,342.15393
1583.72157,LLVG,71.03711
2033.07678,TLMK,398.22776
333.13246,KYJA,1153.53386
906.33303,PCTP,174.06406
660.33837,FKNL,632.33943
156.10111,ARAW,1398.78393
163.06333,ERFV,574.23872
851.37483,SAYH,243.12190
347.18450,LLFI,1052.58409
926.40215,HQGD,413.20630
71.03711,AQRR,395.21686
1236.82547,KYDI,996.52399
1903.90730,SESG,261.11134
1689.79581,TSIV,328.17467
685.30061,HGKT,475.25431
997.45051,KKQT,113.08406
548.27069,VVYE,803.38135
260.11609,EGKD,214.13174
816.39121,LLVA,414.23007
1072.49376,JPRS,1210.47871
1151.51035,FAEK,686.35989
1333.69247,QPTT,1053.66317
889.40421,TGPS,1176.56759
547.30059,INVR,441.25872
1762.82111,LYCJ,576.30199
172.04840,RPRY,184.12117
671.40062,DGSL,1110.55703
944.58072,ESIS,354.19031
555.28052,RRAV,596.33222
372.21951,LLLC,113.08406
137.05891,TQIQ,910.50247
1292.51567,IPRS,727.37655
386.14376,NILH,1017.43382
2127.89560,CQIE,503.20161
517.29003,TLIS,212.15247
163.06333,WSQJ,2098.97233
128.09496,RRRR,330.13618
156.10111,VPIV,514.27511
57.02146,AGPR,1266.74818
698.41490,NTEF,954.53992
1741.85227,ANNL,443.16272
837.36910,CDCA,97.05276
213.11133,TIRT,288.08923
212.15247,YACJ,342.18042
510.32780,FSAF,113.08406
753.43847,PQMR,57.02146
498.21145,ISSQ,113.08406
568.29691,AKNL,1476.68849
262.13174,CKLL,520.30494
924.47771,YAER,269.18517
654.37006,QALQ,517.23839
551.24137,NNAK,128.05858
1288.64919,TVVD,648.29412
128.09496,LKGV,1238.78226
1528.75367,MTTY,705.25406
57.02146,VGCH,1524.79833
386.21001,CVPY,575.30673
1423.74594,NLVI,765.34056
853.50213,RLHP,469.25363
1746.72425,WKJJ,683.24073
129.04259,LEAS,467.31076
391.19296,GLCE,1513.89149
269.17393,TAIM,1180.68154
1551.79061,KHGW,611.38672
762.28676,FNLG,284.12732
630.34894,VQRK,1358.80340
212.15247,LKTN,172.08479
259.13545,JIFA,394.20770
1206.58218,NEEA,486.24380
1262.64209,FLAG,99.06841
517.29002,TVIF,1090.63210
1138.55058,RKHC,784.44429
1437.79396,PFPT,541.28600
2052.06146,SAVA,131.04049
802.43373,CTCL,385.23251
539.30672,VIAA,884.50795
1006.39670,JHSR,128.05858
1294.75819,LPLG,97.05276
974.44912,IDIT,1220.66658
569.30741,HHEE,268.09940
825.40930,RAPE,590.26600
262.08098,WIMH,2030.03738
427.22916,DLRD,271.12805
1033.44648,EKFK,215.12699
137.05891,FWEH,871.41480
644.33560,PDAA,470.24889
257.14879,MLRS,824.41807
113.08406,GPNE,1862.95667
1013.51415,VNLL,200.11609
242.10150,ASFS,525.33871
507.29176,CITL,256.15354
301.16377,PTKQ,1765.85227
445.26889,IRST,461.23866
2057.22884,NPRG,314.17427
636.39588,SAVS,468.26963
1232.61110,SADG,128.09496
368.24234,ELIK,474.26244
200.11609,DJTQ,501.27334
401.19105,HWSP,1734.86979
1292.71284,FALG,814.49525
389.15868,GRRD,1231.49615
1896.99938,LGAT,129.04259
754.42383,IAMF,129.04259
256.18992,YKKC,1115.50697
1229.58243,IVMP,830.39563
1161.62293,LMWA,1104.51345
292.10592,GCLA,1148.60504
1206.40699,SJFW,330.13617
986.47561,AWJV,357.20122
128.05858,FHYY,1335.63152
622.39146,LRAA,113.08406
1671.03478,ETFV,342.20155
1413.79396,RKKA,359.22088
200.07970,DKNK,394.16008
186.06405,LAGG,928.47665
1258.63932,VGIC,256.18992
684.36288,RHVY,1640.88456
1501.66848,SSEP,914.44190
421.14199,ALVQ,1964.94794
371.16924,RALL,437.26380
278.10890,CJHC,471.21515
271.15320,LQAT,1665.96381
433.16312,SCSQ,722.40751
769.37186,KLNE,459.16014
313.20015,TTHT,842.32286
312.19098,RVPV,1805.00599
703.35407,JSJV,404.24235
438.13955,DDGW,750.31256
535.24645,ADTP,457.21726
319.16444,WPDD,1561.82391
390.19032,RVAA,831.37715
340.18590,TSWK,87.03203
515.25662,ECPF,442.24274
696.39186,PNAA,343.14919
519.23291,AVIJ,323.13822
147.06841,RDTQ,255.15828
619.27881,CNQR,1113.53171
628.19853,SGPE,113.08406
1946.90570,PIHV,397.17500
566.41555,KDKI,1258.62005
753.35446,KKIK,1133.51416
1071.53826,TGSG,469.21725
625.37000,DSRV,638.29114
277.10626,MIIS,775.34691
1727.95047,WGER,473.19104
932.41406,SLGF,1068.57562
1079.45283,LNES,438.14990
469.18086,QRLQ,345.08082
726.33705,KIYP,536.23047
1071.57261,MPPE,128.09496
1200.56223,QRRS,782.41740
991.59669,NAWS,101.04768
603.29041,HFJK,364.18590
323.09398,CGTQ,1000.55280
323.22088,DSTM,287.14812
1731.75579,TNRY,650.23700
967.53382,NLGT,71.03711
1109.64444,TCSV,709.32827
529.26086,ANAV,488.26347
971.45732,FDFE,1195.67131
728.38909,STQN,383.23933
1792.82177,GKHL,137.05891
799.49559,GMAV,1057.55563
1621.69297,EQHF,163.06333
912.44535,FMSR,1597.83649
1993.91198,YQHC,590.28528
1072.46727,TKEG,913.40286
1402.60230,HHEH,199.13207
71.03711,TAGG,1420.69461
513.30232,KFLC,1559.58746
372.20088,LFIS,1013.51416
1028.48866,FVVA,113.08406
444.19687,RGSP,1764.96347
251.10184,NQGF,1565.88641
1344.59209,SLPP,554.27135
243.12190,WKTR,623.33189
299.16337,NSYI,363.17942
964.41848,LGIF,257.14879
1624.75214,GFYE,71.03711
512.27069,AEDF,200.11609
1610.83441,SACR,485.21216
2244.01723,KHVK,242.12665
766.31805,PWFM,836.45446
131.04049,VYQQ,335.14812
886.29494,ICKN,57.02146
757.44864,QISL,1427.67798
1436.69108,EHLD,411.21178
349.13861,PQEL,2334.11518
371.14410,CNAV,156.10111
156.10111,IDNE,1705.81988
1710.81093,YKLD,199.13207
858.42355,KPGD,731.43701
1126.51173,GWRC,1010.39413
373.16714,KGSL,836.36394
752.31295,KVFF,213.12257
1541.72966,PTPG,728.32283
476.20194,TMSR,1286.73214
276.14739,ESTK,210.13682
137.05891,HKER,392.16959
794.29050,LFST,772.37554
1799.90284,HKAL,513.30972
780.37660,HEYQ,674.30978
537.22235,ALVT,1555.77024
416.21720,ATLP,813.48947
651.33803,TQDD,275.12699
413.22742,EVAH,101.04768
312.20222,TIEG,1393.69496
184.08479,PGPG,1415.66086
1191.54502,RVRP,596.34683
630.31256,EEKF,241.14264
505.29003,QETF,899.45011
128.05857,CWVQ,556.24928
115.02694,FLPY,592.30813
665.48396,GVLC,228.11100
475.15255,NWVV,1188.59676
57.02146,HTQH,370.20048
550.26521,NWPN,1971.97436
1049.46404,MAVW,653.25577
1217.55327,SVEG,284.15969
1828.94313,MVLV,171.06439
305.13755,SMNE,87.03203
158.06914,QISC,412.26856
720.34425,LITL,1113.65862
723.28977,TKHV,1508.68704
115.02694,PDTW,414.22268
1056.52871,HWGF,1188.55636
402.16854,TNIH,1939.81276
260.15247,WQSM,884.42145
358.11246,TNEP,87.03203
1563.87007,JGWS,969.44522
1616.83508,SQAA,156.10111
113.08406,VVQC,540.33837
711.39153,SSSL,714.32966
257.13755,CSYE,1135.48556
906.43881,THGE,1168.62538
455.31076,KPPP,372.18313
348.14337,FLRR,912.43011
1228.58363,KPVY,1203.59579
277.10626,DSPV,912.45524
594.28018,RHWQ,1242.60331
477.22234,QSTT,57.02146
57.02146,AAGG,567.33802
328.21105,LEQD,1011.62291
487.18491,MPTD,388.21105
441.22234,YIFD,501.24347
979.46981,GTEM,890.43585
57.02146,RKSV,1208.67780
1546.72785,EDGN,213.11134
560.30708,STNL,99.06841
1838.92836,HEWQ,452.27471
957.48072,AGDH,1208.50666
269.18517,KWPV,658.28097
359.14410,DLKD,113.08406
611.33909,DYYY,348.14336
1872.93047,LQSL,228.11100
699.31876,YWGT,1204.57372
498.28018,TGVQ,200.11609
1475.83475,SSST,71.03711
113.08406,VDCI,1927.91113
87.03203,IJKJ,374.16239
489.15294,GTRD,1311.65848
313.12738,DLEF,1592.69943
796.46292,PILV,113.08406
1586.90717,ALDR,433.14537
1338.72553,YLMK,113.08406
1111.67132,EYTK,242.12665
57.02146,MPVD,375.12126
359.18450,EHWC,957.58988
1094.59714,EAKL,674.37515
114.04292,RGRG,665.36088
567.16351,IYSK,741.38097
567.31690,NRYE,113.08406
2030.15373,RQET,234.11167
154.07422,QALT,1366.80847
373.23653,DSES,986.46100
273.11471,YDLE,506.17950
789.23566,DGQI,444.23325
835.44529,NYJG,565.22063
71.03711,PPRL,1836.02572
328.17467,TVVS,631.27881
234.10044,KKLT,259.09906
801.32531,EWVW,257.11642
241.17902,AYGA,283.18958
487.25431,JRKV,234.10044
295.18958,AVEG,250.14297
288.12561,GIAV,2138.12072
898.47598,LFDN,709.41628
866.34214,YRTD,1270.63798
317.17393,SLNV,1161.55286
269.18517,REEE,1252.53600
431.22810,KCGW,1077.41606
314.17427,PVCV,315.12190
505.16649,RIPL,242.12665
199.13207,IERK,1634.78277
800.42547,YFQS,513.25470
1944.96283,KKEE,398.22776
1874.80643,KDGK,128.09496
695.39661,FPPK,101.04768
420.24849,YNAL,1409.71994
371.22810,EHRE,1016.57669
575.24922,WNFY,1052.55423
285.13246,PPLJ,1491.71150
979.52009,RLFG,849.41670
643.33294,IHYV,384.21211
160.03065,LVSN,905.44944
1389.65246,FCQA,657.36321
858.47118,SHLL,846.39055
212.07970,CJTG,388.17804
944.54434,LAGG,186.07931
760.38678,VWLC,486.18967
1328.74520,LAPV,313.20015
590.28527,NCMV,1306.68559
469.26487,QRYA,599.36827
1027.49879,NRYE,956.47494
137.05891,YVCE,398.19138
154.07422,VLHP,168.08987
372.21613,KERY,285.14772
1146.47640,JHMQ,1089.49871
588.23259,SLDC,748.33916
908.60587,AHNQ,492.19687
1132.50837,IPEG,773.31665
757.36801,RKPT,57.02146
218.07252,DEEC,1258.62743
217.05211,AAPG,1238.65199
381.24883,SHSS,168.08987
299.16337,DKQI,576.25123
1036.45488,MJGN,1162.60224
1486.62343,GCIL,432.13148
338.13386,VTVF,57.02146
284.12732,WGWK,503.22274
257.13755,CWVW,998.55559
1391.57507,GSTL,229.10625
800.29117,GWQT,342.19032
1085.56043,RNGD,562.25398
821.45077,PYCC,1313.47649
817.42350,PKDK,1152.49908
128.09496,IHKR,2506.41134
1707.93211,IQSA,390.13955
2045.14616,FYTE,147.06841
1127.57233,FSSL,899.44608
866.46502,LLQS,662.34999
289.07324,GWKD,577.33362
2514.05078,IMKH,97.05276
837.45959,QLKQ,1008.43412
646.28185,ITNG,1202.58278
592.39481,GRDI,759.33988
131.04049,YSGV,1188.66149
1886.88751,PAGJ,329.15868
543.21765,EATR,113.08406
349.16377,SQLP,1000.50901
684.30786,APED,898.43959
298.20048,VETV,455.23799
410.25291,AGPD,113.08406
156.10111,LGYL,411.24816
243.08552,IRAV,528.26962
285.14370,FHGA,243.13314
554.31763,MPDG,394.13109
236.12732,KSDW,1441.73538
1167.66516,HLYK,298.16410
1389.70139,SNSS,349.21138
1088.49991,ERFR,355.19680
2269.98845,CMGE,71.03711
343.17433,AKDF,147.06841
242.10151,EEVT,363.22703
629.25979,SDRE,1540.78132
549.27986,DFKD,625.35475
984.49162,LKKT,904.44027
443.20160,KKNS,398.21652
397.23251,EMJR,535.17368
453.33149,QKTQ,458.21653
147.06841,EPMM,1119.50188
1704.82598,MEKN,113.08406
445.17837,TRGP,131.04049
57.02146,HPNG,1666.72972
1275.61039,YFFL,934.53164
1030.48319,RQRL,846.41232
535.20266,DGLI,1385.64361
413.24268,DPET,230.09027
500.29584,EKNK,559.33697
788.42209,FYRL,801.45373
128.05858,INEH,1336.71793
1798.94060,EGDI,519.25153
557.27440,LRRK,343.17433
1829.86311,SPLE,397.24375
568.26455,RPRR,156.10111
907.51269,VAAT,1575.79462
57.02146,VAHR,2288.07899
548.30708,LQGJ,2151.03215
484.30092,KYSI,185.11642
331.18958,QDRT,439.20669
682.31486,EIDG,1711.90054
599.33910,LNLR,599.24521
1497.64930,YFRI,325.14601
962.55490,GDII,699.39554
253.15387,EHVR,1089.52433
225.14772,ARLM,1422.79829
432.14272,QWIH,1029.47741
1058.55089,MNYY,1166.74990
1821.87846,GTMF,200.07970
1700.83444,FCDF,637.41628
387.12777,ADME,975.50789
387.12777,EDDD,801.27767
243.12190,PDRF,87.03203
756.38784,DTQV,163.06333
200.11609,PGTS,158.06914
259.13545,MAGA,720.34763
373.23653,CVGF,1963.96528
747.42791,KQKE,128.09496
1108.53351,CGQS,584.28192
967.46105,IQYL,745.38711
1497.67358,LAYK,542.28125
1606.77983,TSAS,363.14303
315.12528,LALD,1760.90655
817.44864,LNRI,253.15387
242.10150,VILE,115.02694
661.36599,LAKK,57.02146
1113.57533,GAGI,1104.51747
129.04259,CQNF,1794.94166
1470.57216,HSPP,616.27041
921.29567,NKME,887.52019
2091.01014,QAKK,438.23391
87.03203,GVPP,640.28163
521.24856,SERS,170.10552
87.03203,CHJY,2406.15387
156.10111,ARLG,1611.82315
1437.70408,DYSD,506.22374
1135.51456,IPNP,1122.68731
931.42217,YMGA,467.17646
312.21613,PINL,129.04259
848.31881,SGTP,1154.56549
797.38202,LJJF,291.15829
310.13174,ERLN,1404.63186
113.08406,SCLK,962.46099
2494.27569,YIEY,97.05276
1387.64820,HNSG,295.18958
2078.95199,FNAQ,378.15394
1896.81344,CMRQ,404.20597
1515.71738,QQQL,128.05858
950.36262,GFIL,1534.90825
128.05858,IRIA,2143.16501
234.10044,KSAQ,228.11100
1729.80214,VSDS,405.15359
932.51197,VSPA,1484.80003
740.38169,SPID,999.43313
778.34973,KSVE,256.18992
1218.61791,ALAL,839.47524
99.06841,TEFM,1847.91472
1319.54607,WGTL,114.04293
1005.44458,KCIN,226.16812
1111.44354,SKMW,989.50829
548.25945,ALIK,931.53785
128.09496,IGIM,669.37106
443.23799,EKFF,782.41087
1095.50839,PTAE,156.10111
113.08406,ALLE,1190.63824
186.06405,HFRI,375.17941
1499.74424,AEQQ,868.40790
374.16239,KILD,1830.87968
873.29880,PKED,385.19613
420.16449,EEEE,708.27147
1319.63572,EIAE,615.31289
637.30713,LPVP,471.24414
362.15902,GESA,755.46536
576.25436,FRNR,457.18087
612.37813,YVGT,1482.65366
113.08406,MLRA,340.13827
1022.56613,VKYF,257.13755
809.51230,SFTN,328.14951
329.15868,LGSI,210.13682
644.27657,GCMN,1710.74942
97.05276,ATGF,989.47055
158.06914,SLSR,540.26962
684.37027,RNWP,768.38133
1425.63718,LNJN,160.03065
581.28090,PVQS,368.25358
457.21726,QTPL,1602.77991
992.37569,SDJE,538.22883
715.37655,VWIA,404.20597
256.18992,GARV,252.08585
486.28019,SLSA,1151.61996
573.28119,JLNN,1265.68400
1008.52533,GKFK,212.15247
1985.88698,GVCS,243.08552
843.40276,QDJT,1280.47767
311.22088,WLIP,227.12699
2093.01392,NERT,359.12634
339.25218,GVDF,212.07970
1538.72613,CNEC,666.44283
1399.68172,ADPR,413.21753
384.21211,STVA,1620.81476
1548.74017,WYMN,741.31559
397.26889,IWGV,208.09602
1015.49162,AVLN,273.11471
1267.55162,RNLY,212.15247
1552.83615,PLSE,1021.58933
1587.87006,YNRD,399.19065
770.30575,LPHT,1157.63069
269.18517,KQQS,370.18523
705.30034,SSGE,675.23476
113.08406,GKGP,1016.50393
387.13901,CHPV,1442.80791
800.51599,NQQN,315.16166
388.16074,VHKK,393.24883
1185.56524,HLHP,469.26487
849.35045,KKSV,429.18596
802.47011,FIVF,618.33770
998.47091,FWRM,549.31623
920.49671,QEDA,297.20523
1761.93010,EEEA,571.26018
1102.53285,SRDL,918.35753
777.41734,PIMG,329.12229
87.03203,GTSL,799.38981
168.08987,AKKK,1034.64610
783.40277,SFYD,1655.92935
507.20775,WKYL,940.48655
114.04293,PDAN,1786.68681
518.15836,FDTK,57.02146
1049.55054,IPEF,864.36875
156.10111,EDYE,1898.04859
848.29455,HDPE,1003.43341
269.18517,MFVN,758.43265
1381.61651,FNGE,666.42891
736.35039,CAIC,537.18934
589.32238,KYFH,763.36130
516.19686,HGHT,520.26856
435.17540,YAPF,387.15764
1457.66876,DVAF,651.32278
799.40169,MPAP,561.29511
357.15359,VWPP,1814.98901
200.07970,LFAF,1446.74015
413.22743,NASA,724.31402
115.02694,TKKC,500.20194
623.27036,YVLH,1281.55133
370.22161,TAAI,1067.52605
1081.51273,PECF,1173.52706
486.18629,EKYM,227.16337
1196.50329,YGYP,880.41868
613.31837,QYRS,242.12665
513.24347,YPDA,1175.58358
470.24889,VJPH,303.12528
926.37385,DTIR,1305.61018
684.32650,ESVC,1840.88564
101.04768,PVTN,1071.58117
418.18861,IKCV,384.20087
876.43883,IFIN,629.32068
538.34787,RHNH,340.13828
727.42684,WGCQ,1034.49673
1134.59206,HIVD,163.06333
2062.14355,EAGT,71.03711
573.25808,DNPL,1805.91743
670.25582,DAPR,1443.61137
1469.81295,GVPS,447.22301
1053.66718,TGEK,1307.49508
693.29044,RSSN,1701.94268
1575.87728,ATYN,597.33736
874.45486,LRNR,898.45084
1242.47977,WYVI,834.37343
1736.79341,ASDL,400.15940
1286.66187,ERLA,560.23768
228.11100,LLSR,1916.00834
749.41841,QAWL,1059.58519
602.28126,AVLY,1013.47865
638.32752,SLCR,786.39457
1573.69789,JKHN,497.33255
315.10664,IDYW,485.25979
413.19103,DQTL,1676.84568
472.27578,LPGS,1233.62748
1017.44120,EVKK,456.27364
1026.43752,MCKR,422.20663
113.08406,SEQA,1303.52044
1111.51608,SIDS,826.43373
766.47412,EKVG,553.38124
1315.64553,PETC,1030.49309
1387.56267,LEEE,258.08518
340.18590,TTSA,275.16337
101.04768,JLYV,1609.91914
344.16306,GAKF,1196.50014
1267.60845,ECNK,326.19540
1111.59471,AFHR,759.41667
385.23251,LALL,410.28929
797.45479,NEYW,1205.46250
216.07462,INHA,313.20015
227.16337,ITPD,326.19540
390.22670,EEQP,625.32960
499.25431,PEAS,1340.65469
257.14879,GQYK,1137.65058
682.40137,RSEV,1245.54818
1270.70736,PRRF,581.31730
375.21580,PPAS,256.15354
732.27148,NQKF,543.30165
325.16376,PIIQ,934.48721
271.15320,LAAI,890.33811
1048.54877,VLSS,410.21652
2057.96690,PFJA,257.13755
273.11134,GDAC,339.15426
128.05858,YMPK,483.16887
372.16449,PHTK,1357.75785
494.29650,LFQT,1697.98683
1166.53248,MVHC,97.05276
484.27577,ALMQ,241.17902
213.12257,SDHM,951.41854
243.08551,FLAV,1363.68056
815.39597,JVFN,1571.64718
611.22744,GNFL,883.46508
611.33909,FWAM,417.18596
1195.60595,CTJH,131.04049
1102.58832,LYLT,797.39192
128.09496,DLIS,411.24816
783.52181,LKEL,460.19579
506.15051,GDHT,704.31633
861.38683,KKRS,664.43841
660.33837,RANG,328.21105
241.14264,FRIJ,1135.53114
1144.63929,EGDE,604.28566
328.12052,ALFC,156.10111
255.15828,CLSD,853.41813
1169.57887,VKDT,545.23330
226.16812,ASDL,397.24375
576.30938,CCIR,434.26414
242.12665,EREV,425.28628
1314.66669,QGFT,300.12224
662.31362,LKRQ,430.18522
1919.89347,QVLF,329.15868
617.34379,NFKG,683.38270
799.38644,TMAV,559.23503
373.16714,LAKF,1196.54031
1674.81879,LPQA,655.35407
389.17329,FSHS,608.36458
57.02146,EVSP,1932.91183
113.08406,CJID,2181.06116
226.16812,CVLC,366.22669
767.42898,QQKL,328.17466
348.09260,TLDY,113.08406
695.36156,PIGQ,113.08406
849.49330,GSRR,273.13247
501.25872,FALQ,669.38498
540.26962,MMLR,1854.88416
1145.54401,VVSC,714.39119
1131.61104,NLKF,1467.66726
447.25940,TTHR,1968.02911
542.28125,GSFE,1567.78634
758.32351,GFGI,356.21720
351.14304,YRGA,545.27056
1953.91956,GMDM,613.28198
702.28203,RRHS,459.19000
796.44429,GVVS,1058.46034
1503.63384,TSSS,449.20228
288.10699,HAVL,1026.54980
381.18346,GKSC,801.36973
1258.69211,VTMT,762.39119
889.46977,VVAK,1121.40524
1500.73207,VAEE,516.17036
773.42581,PAKD,128.05858
87.03203,GAGE,588.34961
1159.65421,YLNY,1280.51656
2080.04248,SHLR,282.13280
622.34787,DVDI,101.04768
1021.56686,PSCG,589.31115
97.05276,EAQA,271.15320
1188.51548,DNKI,1011.45560
2381.09798,LCPL,185.08004
1046.54116,KCYR,1148.64545
370.18523,LDEA,242.12665
485.25979,AGHK,160.03065
1008.41571,IIVK,298.16410
229.10626,PPAA,1801.89720
1067.56110,ANFF,920.39496
2103.05329,PETI,376.17467
1016.54434,DELL,1027.51205
761.35955,EEAG,828.43545
1863.85824,JYLC,429.21582
1037.52557,KDMF,115.02694
269.10116,VSAT,563.23798
370.16009,QLLH,1335.64187
1540.83953,WPYC,501.20121
762.33705,QYGK,470.17700
779.43369,TVTN,1240.61280
156.10111,SPLH,307.18958
573.26593,GALC,115.02694
1070.52572,PQGY,224.09094
582.32379,HMGJ,1138.42370
1116.60014,GCGA,431.14746
595.29656,PJLM,799.40170
137.05891,QHQH,2187.95428
309.20523,DDII,1840.05319
1034.55087,AVMQ,873.44184
129.04259,DSID,347.18450
557.28831,YALD,156.10111
156.10111,KAFP,1332.63837
883.54908,TEKQ,131.04049
960.43999,GVRA,832.40790
1278.69405,CCLV,904.39353
163.06333,LVKE,1151.62983
1093.55161,RVLW,999.55352
487.18556,MGHL,242.10151
903.47017,MPCC,229.10625
1146.57431,GHGC,737.45881
509.17329,DKLI,576.28086
514.24996,SRDG,341.19506
1075.58482,MEEL,101.04768
709.33699,CYGG,113.08406
599.28561,HQGG,673.39515
398.23900,LQAS,1066.55597
405.18998,HVFT,147.06841
391.18958,SCTT,1232.59718
994.42184,GSVF,1231.58801
1143.53827,ERLF,302.12264
224.09094,MKPT,921.40209
241.14263,FEDV,255.16952
853.35277,WPWE,1483.75269
1909.06412,KSMT,541.24310
859.35005,VEDV,1385.57172
1785.83691,YAFL,128.09496
158.06914,TRQV,481.29002
1973.86429,HRFR,416.18419
822.30316,DEYQ,603.21363
1550.71135,NQIL,101.04768
101.04768,ASVR,444.27364
1490.70234,DGHP,859.43406
384.20087,FEEE,836.58474
243.08551,GRFF,87.03203
255.16952,EIYD,594.32379
384.21211,SRQT,99.06841
721.37588,EVTG,1648.84202
158.06914,LAGP,1347.58774
2108.96932,YJQD,115.02694
1259.63322,PNQH,467.23799
1407.68565,ERDE,1057.57810
128.05858,IQEI,1418.71690
1012.59639,QVGF,345.11069
655.36933,GAFR,227.13822
476.26348,TSSC,99.06841
1493.91942,YAGE,384.21211
225.11134,LLIN,294.10382
1166.51001,QSSE,287.14812
2165.93663,WCHN,256.15354
800.39631,ITFN,1011.57128
2049.99553,PDKK,170.10552
1359.66701,ATAR,675.33402
838.41935,YJRN,1385.64380
340.18590,AQPA,773.28276
137.05891,TYYM,286.12771
631.36934,PGGS,1145.64445
341.14878,ISQG,515.22273
1041.48479,VLEY,568.17740
856.34253,YRSE,268.11715
1789.94748,RILR,648.27550
801.43446,FEAL,71.03711
1429.61499,NMFG,842.42864
1387.73469,AVAV,382.25799
706.32860,PLPP,879.42387
650.27002,RSQM,129.04259
1155.58251,FYLI,57.02146
1091.40184,HDHR,470.24889
800.32015,QHVD,599.32199
285.16885,WKCJ,128.09496
956.48146,KFRC,160.03065
1540.73504,DAQY,484.24341
592.28567,SAQA,1516.95653
273.11471,VNQT,2166.03298
1867.90392,SLDS,231.08552
519.23290,KICV,99.06841
357.20523,ATQN,606.28019
71.03711,YETL,474.17104
573.22821,LTEQ,1788.00057
789.29630,ERCQ,875.45011
720.32648,JJRE,683.27373
113.08406,RRKY,1173.60833
128.05858,PLWD,1138.51420
142.07422,LRPL,1433.99219
1648.76542,AGSD,97.05276
343.13794,HSHI,1529.75567
218.10552,DYFV,273.11471
1012.34439,YECH,517.19950
1711.94816,KFGA,294.10382
97.05276,VYPA,443.21686
582.35295,QREA,602.29586
572.33221,TECV,226.16812
1463.79249,LSEN,147.06841
384.17574,QQQQ,256.11716
689.29151,EQJK,917.42114
487.24645,VJNJ,419.25325
813.42071,PLLV,386.19877
172.08479,ARFG,1231.63492
163.06333,QNAQ,453.29510
1377.68293,FIST,97.05276
1021.46574,KGLA,303.10665
357.12845,TAIL,738.39253
709.44865,MKPD,273.11471
1253.54989,EDMP,307.11682
525.29109,LVGN,1162.47468
478.23622,HNVQ,344.16958
168.08987,WYCM,1035.42977
538.29035,TLQD,273.11471
461.19442,AFAL,87.03203
241.17902,KEIE,343.18557
377.15868,HHTJ,1413.72992
113.08406,LDRF,1764.79546
649.35475,PCHE,577.32640
537.31623,WPAQ,137.05891
311.22088,LESG,340.22228
583.27882,FNIS,970.42907
1390.67756,QDLL,980.54433
87.03203,AKHV,513.25471
625.32238,SSHT,1820.99307
372.16449,CGQL,911.50762
257.11642,MALC,526.24996
639.35649,YIPT,1227.58839
1250.56798,SGPF,413.20227
1082.64878,LKNL,213.11134
391.15658,CCIR,1049.45013
692.29519,YITT,796.35779
359.22088,FMSH,170.10552
1249.65674,YFQK,1268.76180
2182.07079,NIGR,57.02146
1351.64937,TRFP,114.04293
545.33256,EQLK,241.14264
228.11100,DSQG,787.29842
975.62023,KLEK,1117.44111
861.48207,CFJK,1076.43454
113.08406,KKDC,1588.83617
712.28166,GRCV,1656.69121
1061.55141,EGIS,977.56981
810.42356,LASG,721.37588
1470.79429,IKVG,860.45044
1532.69759,CQRD,87.03203
115.02694,IILV,607.26420
99.06841,ADNK,470.21251
184.12117,VDMV,907.38579
923.43956,NVPT,128.09496
630.25841,GLGS,231.08552
598.31148,APWW,284.14845
908.58071,IAEK,617.30606
397.28013,VNEA,131.04049
225.14772,YMRN,188.07971
1840.84202,IAEP,358.19647
798.33707,NFMQ,558.29882
1528.77863,LEPM,670.38361
815.47659,PFCH,1392.71114
212.15247,WTAG,1157.59029
1380.68599,EWFF,1091.52874
257.14879,TTTT,973.53451
137.05891,SSJG,441.26996
269.18517,AKWR,790.40858
567.26929,NSFE,87.03203
387.16887,IRDY,851.39259
299.18450,YLVT,514.25735
1021.58933,KLYV,714.37343
