1390.56859,RSWT,612.31188
143.05824,RRRP,271.11682
115.02694,VTEI,527.33189
911.42833,LRCA,97.05276
373.17499,TRRA,501.29511
531.30567,LIFF,973.51202
315.12528,FSGK,2018.01625
1175.67746,VVEG,156.10111
1876.97952,FDHQ,323.09398
458.19475,PPVV,732.34425
842.40686,RPLP,225.14772
255.16952,SIGI,273.11471
129.04259,NDDD,1108.62804
525.32747,GNCV,1004.52658
736.40924,RHMA,1638.87158
113.04767,GTSC,448.19579
1742.85873,AEKA,128.09496
1148.72274,SARK,1094.61694
129.04259,NWKK,994.57843
253.15387,SSSS,1062.62979
212.15247,RRWL,329.16992
737.44087,RAVQ,1685.88221
682.37620,PRSR,1364.69089
417.18997,PWLI,313.20015
99.06841,JREG,1026.47704
301.16377,SRGJ,274.07358
128.09496,EKKS,1063.58866
1616.83509,QRRP,87.03203
341.18115,MTHT,261.07833
971.51483,LWRQ,735.27452
430.25799,CKLN,1858.98759
212.15247,TQLQ,1307.76013
1173.64069,NVCN,429.23358
170.10552,ARQP,344.11544
897.53237,RYRY,940.49913
742.37958,TAKY,632.25945
1171.55815,GSGP,330.16517
370.18523,SNHY,417.17944
365.16991,RRNI,1289.65165
173.05105,ALLV,1888.01076
1927.94616,KQNR,310.13174
456.25571,TARL,698.31699
1243.52916,MDPK,298.17533
2013.00679,WKHE,298.20048
680.39694,KVDR,384.23726
611.29620,SRVL,927.40460
357.17222,QATY,398.13724
1722.09329,HERL,412.26856
505.21074,ICPL,87.03203
518.24888,TRGG,1302.71180
441.23357,RGNC,535.37335
1920.91271,ESIT,210.13682
700.36163,RRKR,1328.59967
345.16884,GANA,1598.82119
301.16377,TALR,1380.79496
753.39941,LFTA,554.32887
440.23832,LTPP,1203.79544
295.16443,NQMV,2135.24393
454.25799,ETNT,1989.96832
1377.74767,RKRA,602.30978
612.36351,LSCJ,1760.80794
414.18629,YRCV,756.37660
1123.54442,HYIR,245.10117
1231.75532,PFQQ,1425.72271
212.11608,PGYL,1367.72962
1010.45697,PYLT,170.10552
541.26086,YCDE,2158.96492
113.08406,IHTR,693.27584
333.08171,RHJV,188.06195
1228.62404,RIIW,1009.49812
128.05857,AESE,2210.17874
1829.99990,EASE,113.08406
436.23217,LLST,113.08406
243.13314,KCLD,2044.95525
642.24314,SRSH,583.35542
1805.72180,KNCT,115.02694
1430.79216,QERL,316.13828
708.37795,IPTS,1749.91305
515.23397,SGND,356.16957
809.35641,SAAA,742.34972
703.36933,FDFJ,128.05858
1376.71221,LIIW,520.30494
382.26923,RGLW,512.27069
621.33469,NGLL,754.30681
684.33772,HAPP,415.15255
511.22781,QIST,229.10625
609.39622,DRTA,714.34490
155.09462,KRGN,1681.73473
254.16303,VEAI,229.06986
811.40488,GLTH,682.32271
1287.60363,FATY,326.19540
312.17974,AVAL,87.03203
848.43921,PSSR,555.31289
1049.46002,HKYM,945.52247
1850.78302,IJMN,147.06841
71.03711,RQDJ,906.28477
399.22301,KYNE,885.40145
756.31123,RLLR,467.31075
1191.73124,PRRC,1146.74348
671.27372,CPYM,987.62291
1614.80486,RRQQ,369.22368
269.18517,VTGV,244.12117
155.09462,PREH,449.26113
1895.11045,AGGQ,314.17025
2184.00653,JSSY,583.24645
1584.83720,KSLI,113.08406
404.10018,AAAG,523.33697
817.29658,KCGN,861.36908
155.09462,ALSS,1849.89182
1001.47126,RFQD,376.21105
976.46943,QLAT,188.07971
768.36535,VEVL,1121.71452
229.06987,FYKT,862.55009
143.05824,LAQR,2057.03434
251.10184,PYRP,912.41637
258.08518,LEDS,339.15427
1605.64058,SVGS,275.11174
2295.04907,NKEL,99.06841
323.12296,SEVF,101.04768
113.04767,TREQ,572.25944
800.30642,DJAL,1091.57637
321.14369,PVSR,667.34418
129.04259,FPPS,915.42726
326.20663,PLFY,2267.06173
212.15247,GSRR,1108.59302
1336.76875,TGLG,1194.66937
208.09602,QTRS,484.27578
1658.69383,SNVW,650.30641
667.22718,WCIQ,1867.68516
156.10111,ILHY,272.14845
260.11608,VLAF,1595.87114
724.36564,RRLR,1296.62847
599.31395,APAV,227.13822
283.15320,IFLS,1124.64881
427.25833,QYEV,71.03711
307.16443,FMJN,857.29016
1848.00529,VAVG,534.31656
87.03203,PTPG,1274.68704
972.53925,DNNN,1220.56885
147.03540,IPPF,1690.86534
631.33295,QSAF,129.04259
2175.11399,CIRS,113.08406
884.46167,AEVA,113.08406
517.23187,GEHI,942.41233
953.55189,SSIF,1551.83102
605.36224,EGET,156.10111
268.17868,LGIP,1449.80653
129.04259,CKPD,738.22879
824.46167,IVGL,684.34558
1143.44374,DRQL,226.09535
571.27945,NLLQ,198.13682
978.54260,DAPD,962.49336
372.17573,LVVV,156.10111
391.17433,QDNH,170.10552
230.10890,EWYI,1690.93812
997.55766,SSRR,930.45661
1107.60364,GPLM,1216.68288
402.15731,RYPP,2123.08467
561.23293,GPAR,936.50757
541.19549,TTSC,419.16610
595.31903,VVSS,1127.42047
312.14336,LPSP,113.08406
615.23226,TNTK,496.31215
1185.64407,VDGN,128.09496
453.19720,JGYY,611.18973
212.11608,KPGR,1891.94617
399.21579,MCQG,1208.65871
923.55924,QLGR,381.24883
340.22228,LTVS,555.31288
189.07897,RTSS,705.38096
1496.79468,NQAP,97.05276
304.09154,VTJM,892.45150
617.28429,KDHE,1216.60291
248.09094,HKEG,243.12190
1425.71530,CGNW,99.06841
269.13755,GARR,945.47019
1041.53627,SVRF,113.08406
959.48584,LRWK,584.29921
751.36531,WVIK,101.04768
115.02694,HFAP,1322.75059
2224.09195,RALK,101.04768
1012.45086,RTVR,184.12117
693.41466,VTRC,1380.51127
1652.83106,TAKS,234.10044
1435.67654,HLCV,129.04259
1815.94201,YVDT,147.06841
585.28706,DFAN,1431.67244
389.19506,VENR,1131.62879
353.19506,TNQV,260.15247
475.21793,SPIW,71.03711
851.39328,THSP,1381.63344
1328.74520,FRGD,486.23728
1148.69172,INRV,113.08406
2290.08744,WGHG,137.05891
637.27074,LLPS,828.36135
1031.56243,NRDV,455.24922
682.31870,FLVL,773.30206
1748.99371,LTFH,732.43948
1241.52811,ARLP,255.15828
283.13207,SQPV,527.29283
901.42936,YFPV,214.13174
295.12805,GYPH,250.14297
1109.63051,DLGL,577.22785
524.25945,PDVH,1879.13080
1140.57025,RDAH,99.06841
617.31729,CNFG,257.08341
643.39448,LAAV,113.08406
147.06841,GTNS,503.16860
1068.47770,YKGK,483.16887
924.45658,SWRE,309.13246
1717.70446,FHJW,310.13174
1539.79463,ANYG,404.20597
179.06947,GVRH,2025.14563
186.06405,IDRA,1088.63036
759.31090,LSSN,893.50829
749.37480,IHVL,1459.72079
247.06268,TPGR,1193.60404
694.31468,KRRQ,137.05891
1434.75790,HKCS,650.24889
1300.62742,VIED,346.20048
717.38498,DYEJ,1365.75909
486.20090,IEYT,1370.55948
454.30159,PLEY,154.07422
226.16812,RVER,1459.81468
269.13755,HEJP,1286.69824
1947.06918,KYCF,316.13829
344.15182,DGRG,571.25366
929.33127,LCWN,991.32450
374.12601,VSSR,602.26752
559.28668,YRAL,87.03203
1007.37821,ESAC,1384.74243
1274.73866,GKWC,938.43202
527.25324,KPSL,1407.61964
1358.71689,GTMD,241.17902
1523.72374,PNYP,1215.66116
922.58246,AFAS,1388.63676
844.45168,TPYL,1523.64271
513.23695,RAGY,129.04259
1446.69049,GPQC,752.22917
300.10698,TYSV,631.33296
913.46913,GIYW,128.09496
128.09496,NKTV,2339.01080
427.15255,MMGS,242.13789
156.10111,LGRE,1463.64247
552.23325,SHPR,1758.89877
113.08406,ENDS,577.24961
349.12738,TIIW,260.15247
555.33803,TVRK,949.43746
188.07971,GQRS,389.19506
273.09608,GTSP,259.11682
420.16449,QRVA,269.18517
71.03711,PPTR,798.36202
715.34756,SLRS,639.32278
486.28420,NEEL,372.17975
586.27580,HRRH,931.59402
433.14850,ATRI,1204.78802
787.38982,ILYN,216.07462
1312.56839,APHA,265.14263
1001.48178,TEIE,570.34894
884.42394,VAES,967.49476
228.08586,ALFF,2221.11405
383.18787,AHAK,101.04768
323.18449,SLGV,1415.71571
386.12600,WRIR,128.09496
189.07897,LRPL,2053.05538
1115.55459,TALT,782.36326
346.16410,CAMT,113.08406
1178.61560,CASF,958.44769
415.20017,EFLQ,954.50690
1709.93608,VSJD,589.21660
908.53176,DRAQ,423.18662
444.14923,RGRG,658.26706
129.04259,GCVL,887.43955
1400.72995,APQG,202.05897
671.29486,TPKS,400.17065
297.18008,RLII,1071.49199
990.42692,PQSJ,1309.63765
765.42723,HRAE,590.21838
229.06986,DTTK,1734.97806
128.09496,MFNN,390.20155
305.13755,ENAA,1411.76840
340.17466,MYAP,696.29751
1396.69865,ACTL,625.39113
451.24306,VSDG,625.28601
1299.58123,SRLR,1240.78534
482.17612,DVEI,147.06841
860.31229,TSRS,97.05276
884.48280,HDYT,793.41948
888.39372,SCHH,297.16885
363.22703,AARH,825.45693
1756.79259,DSGI,345.11069
226.16812,FPSY,1232.52040
713.33440,HECS,1660.92014
101.04768,SAGY,1708.94449
545.26380,FWIQ,980.53380
751.38644,WEJL,374.16239
1645.80749,ELJK,1134.51075
762.33705,ESWL,128.09496
1463.84597,QDAR,71.03711
228.07461,TDGR,1356.60179
198.11167,RSSR,2005.98172
485.24268,RMIC,700.44965
1686.88416,MTPE,613.35475
419.16523,KSRL,1828.06559
630.27954,JMQG,866.46503
267.12190,PAQM,1018.60358
71.03711,JPRP,1993.99696
426.22267,PTPR,1671.83354
114.04293,IKIE,909.48207
441.23357,RGLR,1262.56797
230.09027,GSTF,1102.56655
568.28567,ADSS,550.29757
1803.87325,FYRN,685.29724
573.32747,MEDR,361.20015
716.29117,SRRP,550.24995
768.38062,TRAW,492.18562
314.12263,LRFR,202.05897
242.12665,ADDS,198.10044
505.26487,LIPD,1669.76238
626.28526,QPVT,408.16450
1997.91073,EVPC,401.20967
270.12156,RSHW,198.10044
202.04122,REMG,842.38823
930.52867,TGID,527.23396
888.43412,TLCW,525.22235
260.11608,FPGR,863.50896
57.02146,QQEH,258.09642
720.30786,SRPP,299.18450
722.32351,TLPA,275.05759
198.10043,VPRV,1553.71973
156.10111,AIVG,370.23285
1449.70006,YEAI,1095.53491
384.20087,HGAD,728.38303
609.25470,VFGS,1912.97754
1135.71626,PGDQ,321.13247
1138.59552,AGDR,168.08987
128.05858,ARMD,483.31691
531.30567,TKEQ,1140.54512
1487.62137,MSDS,508.21040
1562.87214,TGYJ,214.09535
355.18556,AERL,1476.72824
2088.26166,SSSR,478.30159
1603.85240,LDTE,441.21582
1295.80774,ASCG,882.38467
706.28569,SPQL,1090.45823
1411.65611,RVRL,621.37107
916.56064,RGEW,383.22809
1105.61448,DSNS,186.07931
509.28493,RRTK,213.12257
922.50584,HSCL,541.29724
1541.79118,RWQC,310.09873
361.13076,FVLK,1143.55286
748.42315,FRSS,208.09602
326.13788,JJYP,672.37073
414.14989,GGGI,358.16008
413.20227,VSFM,613.28599
538.33395,DHGC,260.15247
1172.57988,SFGQ,1154.63085
936.35687,FLLM,227.13822
255.12190,FRTY,429.25873
128.05858,EHDJ,602.23363
268.17868,CFCQ,690.32245
777.32683,SHNG,674.23298
1966.95708,FSWI,328.17466
483.24414,TPPL,1075.64029
1263.62878,PDFM,163.06333
1130.66992,NSIF,765.36571
1404.79112,CVWI,530.18352
649.35474,PHRH,807.44904
1262.64797,RVPP,923.51885
933.41268,LWQF,396.23726
1820.79020,RPTY,247.06268
436.17804,YMVK,283.18958
173.05105,VTRC,1014.59021
631.31118,PLKR,1536.85968
496.34854,ILST,717.41735
87.03203,TRSL,838.48855
210.10043,SSDN,114.04292
702.26430,VGAL,325.16376
455.21686,HWAT,1883.85255
316.08415,AILF,396.27364
375.14302,VVIR,316.13176
129.04259,TCKR,1343.69073
330.16517,RSRR,699.35985
581.36491,NGFD,1462.73908
1285.64236,VAIV,701.33191
370.23285,RTAD,1833.85419
1469.74153,GKAV,678.30853
1955.80429,ITWJ,160.03065
1358.61361,HTWP,985.58211
163.06333,CDAJ,2081.92267
768.44937,SRKG,57.02146
803.37146,TKTN,559.25769
746.39761,ATRA,606.29863
230.10890,LAIY,1416.73024
1463.61931,IQPE,704.39695
196.08478,SRGI,213.12257
400.15940,VSFR,453.26996
600.21797,SKRE,1500.70043
1620.67660,QVSH,215.12699
699.36254,FASL,234.11167
543.33152,TVJQ,253.15387
113.08406,LPLR,711.37761
97.05276,PPLH,687.29111
1132.51104,FFQJ,384.17975
794.37449,VVRK,530.24889
876.37998,ECRL,1186.48994
341.16992,EPID,1351.59478
156.10111,DJQF,701.41457
421.21860,TLPK,156.10111
1172.61493,SSLR,198.10044
1496.74189,SVWV,879.56540
584.29181,LAFL,1411.68529
268.17868,RGSR,261.09609
99.06841,YGNS,529.29724
1610.78162,HIDG,721.36465
907.44733,CTCN,826.49595
498.22268,HWYY,1476.82412
551.36826,RVFL,1542.96094
198.11167,RPPH,822.35615
347.18450,SNSC,1447.81201
113.04767,PSVG,1799.86226
527.25911,QKGD,314.17025
228.08987,LREQ,1027.53116
1868.83361,VAVP,548.23833
597.22169,NGFL,1067.51482
719.28048,HAVR,497.21217
660.31258,PSRP,1395.71464
745.31772,AKST,795.50789
457.18087,ARSG,1170.61453
388.12302,DGMS,541.30848
471.22301,RPWR,156.10111
1252.42237,RKGR,639.40678
561.16756,YDFW,1020.43749
410.19137,NGTG,340.22228
1299.58435,RRVL,608.35334
271.15320,CVPR,482.29651
267.13314,ILAG,641.28091
1387.69652,FFGE,666.25055
468.18561,VDVT,1642.79104
170.10552,VGLL,1372.72246
369.18997,GPLS,660.38465
482.23765,LLHP,172.08479
1661.70851,MWIA,598.38023
1025.57569,KNRL,912.60480
1636.91213,FRHR,271.11682
285.14370,RVEV,610.40270
202.04122,GGQA,407.22809
200.11609,LQVS,276.11100
1815.91488,ARYL,468.23324
113.04767,SPRL,515.25912
471.23291,GISL,1245.71887
740.37179,TVFE,542.28125
341.17393,VRPP,929.41776
654.36738,LPRR,711.42523
1133.47712,CRGR,300.15460
568.28566,FACE,101.04768
1483.82592,SQSM,168.08987
1070.56549,RCES,394.13109
113.08406,LVMS,1253.60555
87.03203,RCTR,1715.96552
1429.71022,YDTS,676.32205
525.26210,YYVY,186.07931
160.03065,CCSY,864.47453
698.31362,ECSY,788.31230
898.48070,TCSR,213.12257
586.27510,LQEA,345.11069
368.20596,DCEQ,355.18557
515.23799,MPYS,1145.48901
1764.02976,NAQF,299.18450
283.11681,LPTA,265.15387
1113.44841,DDYF,346.16410
453.20120,QHVQ,889.45452
940.46138,EKDV,1352.75643
640.34452,RPPG,1255.68256
313.16376,VASY,677.28028
1510.73505,HCQG,315.10664
454.25799,PAIK,1406.59988
226.13173,QWCI,294.13682
783.39490,GSFV,147.06841
129.04259,LNGG,1777.83048
540.25436,HRCI,1473.64656
1390.71126,PGSR,981.59709
735.39555,TTNL,515.21622
1353.66387,SIYF,211.09569
1159.58463,IRTS,612.34559
113.04767,SERL,2098.06811
455.24922,GEGL,101.04768
417.17944,RPSS,984.57162
340.22228,CTER,71.03711
323.18449,PSCS,833.48716
915.47738,TFGT,956.47493
2068.14289,PCAR,71.03711
1652.85289,RERS,294.13682
538.30159,AGLV,1521.81980
467.27437,HYDA,1920.83209
202.04122,DRTR,1059.58974
256.18992,REVS,1223.61458
1245.67172,DWTR,484.30092
99.06841,QRVP,679.47446
1667.78380,GGVV,226.16812
113.04767,JFAL,987.46615
1166.63353,SJTP,1119.57262
1194.62577,RLED,227.12699
1117.61314,AHVS,392.24234
397.24374,RDPL,1975.98656
99.06841,ARVG,1478.92697
597.28707,SDGR,186.06405
440.23832,JFYA,529.28601
773.37417,PCJC,1501.59007
1214.65536,RSAV,174.06406
301.10625,LGMT,798.41232
1485.75105,GYAR,637.23524
292.10592,INPG,269.18517
400.20703,HKLD,184.12117
1967.01119,VDIT,196.12117
1117.43861,PRLA,1112.57988
128.05857,FRRN,1049.47124
256.15354,CHIM,1577.66362
1164.59995,NRAP,1232.63740
1609.79695,CKPS,514.28634
655.36933,RKLS,114.04293
2222.96365,DPKE,307.09906
368.20596,EQFQ,968.45382
1533.80071,GSER,701.29151
644.34933,RPNS,1437.68952
500.20532,EWYH,1378.64518
593.15739,SWAD,201.07496
87.03203,TLLC,1273.67785
867.43465,QDEG,275.12699
423.28454,RKDG,1205.69205
1189.49344,CQEC,1106.59850
2018.96972,KRRS,137.05891
1761.96379,LQTC,547.22782
1976.97443,WQDQ,362.20663
842.35273,DTMM,834.46128
469.29002,YLYT,276.14739
244.12117,VCVR,712.36565
168.08987,RRRR,554.32887
940.59971,QVIN,99.06841
383.18047,VFTR,414.19031
230.09027,HFCS,243.13314
403.16041,HYSR,1219.62841
1608.78960,DRCG,844.36500
242.12665,GRQR,725.41975
553.24962,PVHD,369.23759
558.30603,DDLL,358.16748
666.33367,LSRV,626.40030
628.32543,SATM,623.33910
1418.75915,LNLE,101.04768
1001.43103,MKEC,1002.37866
946.45421,SFGR,504.17910
1724.86344,HFCV,658.31083
340.18589,PAPE,1828.05906
1669.79357,FRSW,137.05891
554.34278,DIAQ,838.39331
999.46951,EAGG,659.34248
787.37655,AWRT,667.30780
623.20096,TQQA,1200.60800
242.12665,SVKM,592.32339
141.07897,NVVV,998.47811
356.16957,RSAD,1524.60854
398.19138,QLET,563.18322
625.33362,RNRR,1184.56213
1119.48816,ANHJ,1104.53859
847.42620,LSLV,113.08406
1382.75979,DYAP,370.16410
1211.56046,QCMI,1213.48223
860.33343,VAQL,514.20232
435.16015,SSSS,560.34345
943.45856,WNLQ,582.33502
616.30092,VPRL,260.15247
771.35986,LEAA,591.34926
1036.53147,VLCA,1338.75203
1172.44690,SDAV,156.10111
1006.42033,GVDI,977.55188
608.29583,FAMP,619.29658
2505.19400,ARFI,87.03203
427.17031,ALSS,200.07970
198.11167,LALI,412.24743
1446.73998,SSSQ,675.37040
330.13618,LSWS,425.28628
1356.70105,RVQQ,101.04768
554.30640,LSVR,1154.58593
1302.71565,GKEQ,681.43981
576.25437,QYVQ,131.04049
770.43266,TIED,1131.51376
721.32557,DPPL,1980.09634
1768.93004,ALPL,385.20737
2087.12623,FEGG,390.15731
599.24858,TRRR,333.13246
845.48715,ADQD,113.08406
746.38236,DPAR,99.06841
821.43686,RKGA,1315.67067
398.19138,GVKR,1442.74187
762.38851,RTRL,1397.74019
388.24743,VRLQ,1559.84598
1749.81916,HLCL,147.06841
1511.65103,DEFP,97.05276
389.19506,TVVL,949.45452
428.24956,DFSG,279.13313
699.32615,RMPN,1227.61086
876.35010,VMKV,980.43855
409.25498,EEMS,1306.69930
953.52218,VLPY,1216.53939
267.15828,AECT,372.18312
1814.61724,ATEE,274.07358
830.38912,CNQT,156.10111
1707.98560,TEID,626.33877
1027.51945,IGTR,470.26013
455.28561,PSDS,1104.48045
99.03202,GPDP,895.57557
425.15868,IVPL,354.22670
198.11167,AAED,284.15968
755.43299,KARY,284.14845
1866.01114,QCPF,319.11681
927.42726,PNAN,1330.72197
752.36057,CRHM,383.25324
729.40611,TFMG,529.25363
781.40824,TDLA,623.37547
979.52393,HNLC,301.16377
344.18082,GCLF,1569.82631
1444.81502,PLHS,57.02146
511.31182,PATT,184.08479
555.27650,QGGA,1027.63244
1573.80889,QGAA,1226.66659
342.20155,SLSC,657.35197
257.13755,GDRC,928.34975
485.22742,AREA,115.02694
594.23978,VRSG,1260.68662
198.11167,GWVN,1425.70005
147.03540,RPHM,525.33871
1645.91915,PHVA,514.20234
1811.94171,DGDT,388.21442
1338.74936,SNGL,213.12257
816.38783,SGVP,682.38744
613.29321,LVDR,456.24448
1658.86810,GAVK,87.03203
411.28454,HQVC,387.13901
147.06841,WCWJ,850.56400
156.10111,LKIS,443.20161
1896.01519,FERL,553.26824
826.27784,IKAA,827.36762
331.12019,TMKR,1564.78988
228.08987,ADAJ,2240.13780
406.19646,KILP,156.10111
902.48615,QVFV,521.21217
631.27479,AGAP,668.33943
1312.66361,SGTF,1192.52950
1287.61941,GSRP,317.12230
1035.57127,RPSP,889.41947
163.06333,MNET,854.47626
1431.59425,TPIA,414.23007
463.17369,STPR,1134.56693
244.12117,CAPV,595.33295
953.46788,PQRA,525.27985
705.34457,NNDS,1364.56399
482.27136,RRKR,598.30748
882.39120,QASQ,370.18523
683.33508,VIAG,341.18115
801.38032,TDHQ,947.60284
228.11100,AGSA,417.16483
531.24413,SSLR,471.21177
997.51674,GNPC,1033.58076
599.32135,RLSR,923.47122
1149.49380,WIRN,940.32664
341.15867,LNPV,814.28121
825.49330,QNQN,418.22161
774.38129,JSIV,554.30640
292.15353,QNKH,261.07832
316.13176,CRVP,498.30266
884.38844,FTDT,941.38540
1909.94932,SPHD,212.15247
297.16885,FTHC,198.10044
147.03540,ELPS,1145.48364
761.29803,ALRT,372.17573
794.23974,CWGV,1590.77252
147.06841,AENV,1674.77251
559.25366,STEK,626.35001
155.09462,CRES,2021.99141
111.03203,RSAR,1481.78110
1953.99082,QPQR,422.16239
1810.98420,FRGG,156.10111
518.28528,HAMC,990.58352
1137.67305,VVTG,385.19612
831.46027,LIAF,999.56004
1319.51756,SASP,314.17025
499.13078,LKPF,635.36424
171.05315,WRWK,597.28706
401.20228,SPEA,362.14377
170.10552,SESE,684.37795
212.07970,RLHD,342.15393
696.32310,MVRV,614.36124
1151.62717,RLLD,364.18590
608.27470,SFLG,872.41406
423.17941,TART,1224.66870
989.45012,KMFK,767.33462
129.04259,RARR,941.44541
1031.51482,AWYI,470.22776
785.40316,FGSM,226.16812
406.18523,ESRG,137.05891
373.20014,ILLN,1912.94670
1648.94850,RKTS,253.15387
156.10111,QSAR,1541.77725
382.26923,CPSH,313.17500
1685.86776,IIDD,57.02146
184.08478,NPGJ,1643.64568
486.22605,RPSV,196.12117
71.03711,MPNH,413.20630
1259.65501,RTQF,1012.50900
696.39185,ALAY,411.24816
334.11648,CKFD,1805.77777
361.17500,AALK,381.21245
1638.75974,VDAA,99.06841
582.33769,HEDW,1232.64409
1019.60623,IIMI,273.09608
1603.78015,RPRG,284.15969
155.09462,TGPS,993.50721
1190.46712,KPRH,128.09496
242.12665,NWKL,2243.03641
1802.84418,ERQR,457.16311
113.04767,PAPS,408.23726
851.49772,VARV,1422.86386
1112.54618,RVAK,1065.42595
652.27915,NEJH,1017.48795
555.33536,CCLV,420.27364
1464.76125,LIGP,204.08987
992.44258,GDQN,717.33805
1768.79214,YNGG,372.17975
355.22195,GEKS,1166.51001
593.25978,LLEJ,863.46535
1537.58669,WEFF,488.20532
2273.06562,LFYI,265.15387
155.09462,APLH,789.39940
141.07897,QRRV,578.28125
174.06406,SVSH,301.16377
475.15593,WQIP,259.09906
87.03203,SRAC,1277.61126
423.17941,RDAL,769.32512
810.49632,SCAY,380.19205
662.29115,AAPK,499.23905
552.30198,PPHQ,238.10659
764.38169,NNRN,1094.51046
184.08479,SRSA,542.28125
399.16415,GHAP,344.13320
528.25838,CKMI,1798.77330
1058.60117,MIFS,438.32059
736.39801,LCRC,188.07971
823.50280,JPMR,848.37383
214.13174,EJWT,1781.87114
317.13755,VFGY,1503.73601
995.44207,RGRA,114.04293
502.18458,EGDK,1185.64791
766.33983,NVHN,57.02146
924.43812,VTGQ,899.49773
227.16337,TEAI,954.58619
129.04259,VSDS,456.28086
271.15320,MFSL,1734.74201
1600.00487,SFHR,200.11609
97.05276,RLYP,344.15182
1687.88928,QRCY,217.05211
1145.57300,LLEG,520.29824
683.39394,GVIE,737.47994
356.11544,AREV,1931.91746
696.39588,AQKN,113.08406
1948.93661,QCST,97.05276
861.36507,AILP,616.30028
411.23424,GSRS,412.21827
210.13682,TTSS,861.47084
722.41152,VTWK,1083.59979
1561.77851,RKRY,872.44456
1312.66699,LKEL,372.12810
1419.84357,RVRH,160.03065
540.26962,FCLM,587.27372
644.32418,TFAS,99.06841
330.13618,LFJG,701.37615
411.27063,FGRA,1361.84799
1733.73889,KJTE,528.23324
323.18449,GSLP,99.06841
1395.79211,QPLL,466.27644
139.06332,PRES,1627.04093
340.17466,TNKL,2282.19936
400.17466,RSHJ,1032.52533
483.19652,RRQG,1101.52030
718.44898,WDAA,1578.83067
308.11206,LEEL,1255.61565
595.44210,QEYL,661.37990
99.06841,MYVC,2139.19659
1981.90708,MHPL,87.03203
574.25985,AILA,931.47631
114.04292,PSAT,849.50722
2336.37460,ARWV,342.18042
581.33976,RPIS,225.11134
976.54539,WWWC,718.35508
1687.79877,PVGF,371.14408
174.06406,SFFF,560.28059
1340.67377,PDHS,951.56138
617.29216,PNWJ,1437.65715
681.29044,DHTK,374.12601
97.05276,VNFJ,483.16887
402.20492,SALL,114.04293
1048.55529,SCCF,351.19065
269.17393,WVGP,1953.97572
1188.70188,CASW,409.26889
306.12157,CLRQ,284.15969
714.36605,LSLT,616.22414
354.23793,SPFL,485.24855
944.53310,TLSF,463.29069
1054.50433,RTQR,985.48286
1700.90784,IKNH,710.33876
370.14884,SSKS,113.08406
824.35519,QVSQ,1250.69557
727.36130,TWYD,978.41166
298.16409,RRYC,787.34604
141.07897,RTPF,413.20227
590.24889,LEVP,946.36771
245.08342,IARS,2041.00490
752.41807,GADT,359.22088
1964.83815,NNEA,445.19211
1457.69459,HLGH,255.12190
1386.64153,PVNM,703.36532
899.46134,MMSS,87.03203
544.21290,VDRY,114.04293
866.39225,LKRV,916.43625
1064.62297,DLIS,583.24894
386.16239,GRCP,332.07905
97.05276,HYGH,1111.46577
505.21725,FCSR,738.26767
226.16812,JRDV,507.25939
189.07897,LASP,2053.08907
364.18589,IELG,647.32786
411.24816,SERR,1382.67629
1445.59197,SRNG,317.13755
227.09060,FJTA,185.11642
453.22234,WECP,1577.67466
241.14264,AILG,1959.06183
742.41597,YMWJ,1047.39024
1167.64001,HLLK,291.12190
667.31770,VTNP,57.02146
129.04259,FNGS,1693.94749
640.27513,ATSA,57.02146
2012.13932,LRDF,297.16885
864.37998,YEER,364.08752
875.40337,LNDG,774.46396
944.51197,WLLG,568.33328
2379.39426,TDQL,97.05276
782.37450,SHPF,343.17433
297.18008,VVEG,1586.79131
748.45233,WIHY,265.11749
234.11167,QRQV,372.16449
1859.92398,TGLE,735.32615
1188.62912,SANS,71.03711
799.35409,WMRS,639.41080
526.28633,LEAP,502.23220
1990.08219,GRKS,259.11682
242.12665,WVYM,461.17329
384.16449,LSKY,603.25089
764.38169,LISR,428.24234
359.18449,ACRY,942.51879
1315.71357,HCIV,859.49897
896.35457,ESLD,184.08479
297.16885,HPCL,1123.75934
757.44864,VRVE,1445.65349
255.13313,LRQV,682.30345
1515.76947,VQGC,566.24487
155.09462,TDDV,743.38135
665.42242,PKIE,113.08406
593.33255,WILJ,459.21178
258.08518,MJKM,230.05388
489.20121,RHFA,1942.95503
548.27068,AVLG,455.24922
482.24888,RRKR,156.10111
442.18121,ALQE,1130.58724
264.11101,JDDD,529.22850
1334.60390,GSAJ,1005.56811
137.05891,NCKT,484.22816
410.26414,PKEM,1371.80605
668.27004,SRCS,927.38501
679.41292,HTTA,865.49090
2091.19595,TSQR,156.10111
1821.70124,NFER,163.06333
408.23725,RTKP,725.44088
723.34390,CSLA,1412.71604
1456.73975,GNPF,463.29069
675.26865,FVIJ,568.24276
1048.54538,RPST,874.39670
1274.64815,DIFY,732.32247
360.14674,TFLA,367.19680
735.33740,VKST,1608.69034
748.49592,LLKL,1331.74486
597.34860,MLQI,163.06333
226.16812,WALW,1489.65545
128.05858,PYHF,360.14337
507.14577,EKEI,510.21866
156.10111,ARDD,1880.98566
453.18998,SNAN,809.36428
767.42898,LLRC,678.31592
299.16337,RRFT,1284.65362
1839.98176,VHHS,347.19573
577.18023,TSLT,423.25939
2284.17211,PRVQ,253.15387
400.15941,TGAP,788.40282
141.07897,PRAD,1694.90654
422.12938,HCTI,528.26561
490.16996,KGYV,275.16337
1102.54408,AKLI,591.27651
371.16924,YVDC,147.06841
198.11167,TLPP,454.26520
786.38851,LQDR,266.10150
1573.81873,KRSQ,462.22670
1094.65602,YMKL,1433.90953
599.33910,IFVR,1012.61817
516.25437,QAAS,625.30713
403.14132,SFDL,241.17902
950.57736,AARL,671.34632
900.39121,YYLR,409.13075
1021.40223,PPKG,861.43445
216.07462,FPPF,452.20194
984.42224,GMEL,101.04768
496.27979,ANAI,113.08406
368.21719,RSER,1589.01538
854.39965,IDWY,764.42931
228.08987,MRNP,531.21898
1911.09148,RSGK,57.02146
1033.50283,TJWW,340.22228
113.08406,PLKR,1273.67134
454.30159,SDYI,200.11609
709.43740,RQML,1028.50795
411.27063,KVDP,787.43005
447.14238,ARCS,227.13822
1004.55172,FTMR,688.40204
1016.45381,ISGC,250.14297
1191.75907,PSQL,592.40605
514.21357,AFVL,542.30640
1160.61895,WSSL,340.24743
1003.58278,YRRH,834.47518
890.30172,NLGN,1183.67853
445.16311,VSVP,854.47223
513.24347,VQIA,147.06841
1101.55802,FVET,515.21621
1360.64051,ADFD,878.41741
1601.92529,IJML,358.19647
978.49567,IKNC,629.30339
512.31831,KTSS,444.16047
883.46642,QQRG,1052.44104
375.14640,RQDC,410.12601
464.15432,HWTY,1769.97157
861.47939,STPR,1327.71358
269.13755,EFIL,834.40581
461.23866,VGYI,751.35005
553.22446,ERRF,71.03711
1313.67231,HJMP,913.41162
256.14230,SMJN,1969.03223
956.54771,CALL,662.32753
902.48685,VYEQ,156.10111
542.30641,LSSS,156.10111
87.03203,KJPN,985.65488
241.14264,FIVY,733.36464
467.29684,LQFE,2135.04189
630.26830,WQTA,529.23186
323.13822,IAEK,170.10552
704.31696,HGVQ,1796.92432
1936.14709,VIYL,410.12601
398.19137,QGSA,156.10111
246.06743,SDEE,1163.33742
349.20014,RSSG,1609.81804
453.26996,GSDA,216.07462
816.40514,SLDS,873.43515
454.24273,HKNT,137.05891
681.41466,AAPR,806.39965
87.03203,SSFL,1133.51416
408.18696,EEDE,1369.53819
660.34827,HFVV,404.20597
268.10591,RRAL,715.43807
921.50320,VEVV,427.24307
395.25324,SLAK,1196.50667
2071.14791,HGDR,137.05891
273.09608,TWSE,812.46168
160.03065,PLSK,1120.55598
357.09946,TWGC,185.08004
798.46395,SYWK,918.38654
273.11471,SWSL,429.23358
97.05276,IIAK,1099.70049
957.31430,LVQT,1426.67419
1228.65640,PRSL,1254.63636
410.21653,ACQH,603.26865
1811.95769,MTGT,184.12117
210.13682,FTHI,679.43808
71.03711,HKEQ,1475.67931
313.16376,RRGD,686.40885
810.34893,HGJR,996.46985
427.24308,YLYN,113.08406
312.19098,VAEE,480.19685
507.14577,PVMK,1403.63258
984.54664,LSVS,1105.52663
1854.82449,SFGT,168.08987
198.11167,SIIG,759.41399
128.09496,LKMK,333.13246
592.17989,SARK,202.09536
1458.76779,KEKG,101.04768
